facility_id,state,num_discharges,predicted_readmission_rate,expected_readmission_rate,excess_readmission_ratio,high_risk,avg_length_of_stay,ed_visit_rate,chronic_condition_index,avg_claim_amount
HOSP100000,OH,275,13.97,16.9,0.827,0,4.46,24.6,2.35,15894.0
HOSP100001,WI,4782,17.57,17.02,1.032,1,5.06,27.1,3.23,15936.0
HOSP100002,CT,3746,11.33,12.03,0.942,0,4.53,26.6,2.7,18411.0
HOSP100003,MA,3433,10.53,19.12,0.7,0,2.55,23.9,3.21,19641.0
HOSP100004,NJ,1753,8.99,13.25,0.7,0,6.38,2.0,3.55,21679.0
HOSP100005,GA,216,14.5,13.58,1.068,1,5.04,40.3,2.48,12647.0
HOSP100006,CT,382,13.74,17.09,0.804,0,2.7,28.0,3.44,22402.0
HOSP100007,CO,2306,18.37,14.78,1.243,1,7.55,26.8,5.28,10990.0
HOSP100008,OH,1319,14.05,16.27,0.864,0,6.57,30.3,3.31,20693.0
HOSP100009,KY,2308,16.82,10.11,1.6,1,4.82,27.4,4.25,12471.0
HOSP100010,MD,4356,18.44,16.21,1.138,1,4.27,25.0,3.23,14279.0
HOSP100011,SC,1643,13.94,16.04,0.869,0,5.64,21.0,1.96,14559.0
HOSP100012,NJ,4868,16.89,14.23,1.187,1,5.42,15.1,3.05,11726.0
HOSP100013,NJ,4157,19.01,10.31,1.6,1,5.8,18.5,2.5,14777.0
HOSP100014,AL,2622,12.29,14.97,0.821,0,4.28,20.2,2.26,11891.0
HOSP100015,CO,2810,16.07,15.41,1.043,1,6.41,32.6,2.73,10548.0
HOSP100016,NY,2889,13.95,14.58,0.957,0,4.68,33.1,2.66,14376.0
HOSP100017,GA,1911,12.48,10.91,1.144,1,5.95,21.8,1.85,19588.0
HOSP100018,AL,3664,11.39,19.49,0.7,0,4.32,9.4,5.24,13687.0
HOSP100019,FL,2125,12.43,13.9,0.894,0,8.11,28.1,3.53,17511.0
HOSP100020,MN,2512,16.18,14.94,1.083,1,5.97,25.0,3.02,11794.0
HOSP100021,CO,1026,11.17,9.48,1.178,1,8.37,24.9,2.88,10393.0
HOSP100022,TX,3962,14.35,19.49,0.736,0,6.11,34.7,3.88,15952.0
HOSP100023,AL,3598,18.44,14.33,1.287,1,4.58,29.0,4.67,20118.0
HOSP100024,VA,1462,17.35,15.75,1.102,1,6.11,21.2,3.42,15169.0
HOSP100025,IA,1610,14.41,18.3,0.787,0,6.19,19.6,2.91,17145.0
HOSP100026,IL,2859,21.07,13.81,1.526,1,5.61,26.2,4.13,19284.0
HOSP100027,TX,2474,21.68,17.91,1.21,1,5.89,21.7,2.93,14383.0
HOSP100028,OK,1883,16.08,10.35,1.554,1,6.04,27.5,3.19,14013.0
HOSP100029,CO,1755,8.59,16.88,0.7,0,4.11,35.2,3.7,16011.0
HOSP100030,CA,2713,18.66,19.43,0.96,0,4.03,18.3,2.45,16580.0
HOSP100031,VA,3571,9.12,14.05,0.7,0,4.33,28.6,0.93,10023.0
HOSP100032,KY,3667,20.43,18.3,1.116,1,5.34,34.4,2.41,15446.0
HOSP100033,MN,2547,19.25,20.08,0.959,0,4.95,27.4,3.5,14498.0
HOSP100034,CT,3885,21.32,14.86,1.435,1,4.13,33.1,3.43,11974.0
HOSP100035,VA,3020,16.78,14.66,1.145,1,6.05,26.0,4.01,14277.0
HOSP100036,LA,1310,14.92,13.25,1.126,1,5.51,29.2,2.44,10771.0
HOSP100037,IN,392,14.65,14.23,1.03,1,5.39,31.1,4.22,9665.0
HOSP100038,OR,2740,14.36,13.46,1.067,1,4.92,24.0,2.97,14714.0
HOSP100039,OR,1213,18.94,13.25,1.429,1,4.78,41.9,3.34,17387.0
HOSP100040,MI,4474,18.14,18.5,0.981,0,4.27,32.0,3.61,13389.0
HOSP100041,OK,2745,16.36,13.53,1.209,1,6.23,37.1,1.56,11426.0
HOSP100042,OK,1069,13.83,16.15,0.856,0,4.43,35.5,1.9,11923.0
HOSP100043,TN,155,23.89,15.6,1.531,1,5.43,30.3,1.87,16257.0
HOSP100044,MA,617,18.74,19.25,0.974,0,7.03,37.7,3.76,19836.0
HOSP100045,IA,4320,11.21,14.24,0.787,0,4.83,29.3,2.53,16965.0
HOSP100046,IA,153,14.45,16.45,0.878,0,6.26,22.9,4.62,18663.0
HOSP100047,MA,795,18.8,17.48,1.076,1,5.83,28.1,2.8,11148.0
HOSP100048,IA,267,13.6,19.22,0.708,0,5.54,21.0,1.48,14263.0
HOSP100049,MD,3078,17.05,14.21,1.2,1,5.67,13.3,2.19,17760.0
HOSP100050,VA,2701,18.85,13.96,1.35,1,5.1,22.0,2.91,10023.0
HOSP100051,SC,4439,5.83,12.85,0.7,0,5.24,28.5,3.26,12393.0
HOSP100052,WI,996,15.68,21.09,0.743,0,4.6,35.4,1.91,17514.0
HOSP100053,LA,2912,15.79,18.96,0.833,0,5.25,22.0,3.31,15327.0
HOSP100054,FL,1291,14.76,15.39,0.959,0,4.56,35.1,3.55,11412.0
HOSP100055,PA,1960,16.91,20.33,0.832,0,6.31,19.5,2.22,9281.0
HOSP100056,MD,873,17.97,15.25,1.178,1,3.33,21.6,4.57,18779.0
HOSP100057,OH,374,16.43,17.31,0.949,0,5.73,38.1,2.32,7929.0
HOSP100058,CO,4777,14.88,15.53,0.958,0,5.57,28.3,1.9,16524.0
HOSP100059,NC,4358,17.9,16.49,1.086,1,5.47,26.8,1.42,12794.0
HOSP100060,OH,4804,16.15,16.23,0.995,0,6.33,29.6,3.9,17851.0
HOSP100061,MO,2198,15.31,14.44,1.06,1,4.89,19.6,2.82,11165.0
HOSP100062,NY,4899,12.06,18.23,0.7,0,5.48,25.7,2.37,22867.0
HOSP100063,LA,4565,11.31,17.29,0.7,0,3.31,28.0,1.47,15787.0
HOSP100064,OK,1723,12.01,18.07,0.7,0,4.74,36.6,2.45,16315.0
HOSP100065,AZ,1978,16.83,16.3,1.033,1,6.14,16.3,4.94,12026.0
HOSP100066,MO,2067,15.76,13.23,1.191,1,3.73,40.3,0.87,14073.0
HOSP100067,KY,4384,11.56,19.77,0.7,0,5.38,27.1,2.23,14156.0
HOSP100068,NC,2176,17.94,14.84,1.209,1,4.45,20.2,4.41,20247.0
HOSP100069,KY,3894,20.12,16.41,1.226,1,5.08,19.0,3.92,15782.0
HOSP100070,CO,1051,14.2,17.09,0.831,0,4.52,29.9,2.29,16240.0
HOSP100071,TX,4935,10.78,16.39,0.7,0,3.83,18.6,2.98,16204.0
HOSP100072,WI,2189,13.87,17.79,0.78,0,5.62,24.1,3.22,16512.0
HOSP100073,OK,159,18.56,18.18,1.021,1,5.15,26.3,2.92,10054.0
HOSP100074,MA,410,17.65,14.94,1.181,1,5.87,36.0,4.41,21058.0
HOSP100075,OK,1823,13.23,19.56,0.7,0,6.07,35.1,3.11,11692.0
HOSP100076,OH,2369,20.56,14.83,1.386,1,6.55,23.5,3.82,14377.0
HOSP100077,VA,2210,20.04,16.34,1.226,1,5.35,26.5,2.96,19401.0
HOSP100078,CT,3863,13.8,14.53,0.95,0,6.6,16.8,0.97,20691.0
HOSP100079,GA,1769,13.77,13.82,0.996,0,4.13,13.7,1.73,17079.0
HOSP100080,MA,470,14.22,18.11,0.785,0,6.2,19.4,1.91,12885.0
HOSP100081,FL,1492,14.48,23.3,0.7,0,5.71,35.9,2.58,14909.0
HOSP100082,AZ,2526,18.85,14.6,1.291,1,5.46,33.5,4.67,15034.0
HOSP100083,IN,2982,17.28,18.54,0.932,0,5.69,30.7,3.13,15148.0
HOSP100084,NY,2974,18.63,14.69,1.268,1,4.14,17.8,2.7,10564.0
HOSP100085,MO,2144,18.02,15.47,1.165,1,3.88,23.0,3.91,18532.0
HOSP100086,GA,3108,21.14,19.89,1.063,1,7.08,22.0,1.49,14931.0
HOSP100087,NY,2188,12.82,12.82,1.0,0,5.01,26.8,2.36,12189.0
HOSP100088,TX,3640,17.14,12.15,1.411,1,5.0,26.4,2.23,12905.0
HOSP100089,IA,3827,9.48,15.28,0.7,0,3.99,21.0,3.16,15364.0
HOSP100090,IL,1268,12.05,17.16,0.702,0,3.57,30.4,3.61,10011.0
HOSP100091,MN,1754,15.78,16.66,0.947,0,5.1,29.6,3.22,17311.0
HOSP100092,MI,4177,17.25,16.4,1.052,1,4.82,22.9,3.24,15251.0
HOSP100093,NY,385,15.69,15.59,1.006,1,5.2,30.1,2.48,19510.0
HOSP100094,MN,2119,14.3,17.47,0.819,0,5.3,35.9,3.09,14748.0
HOSP100095,CT,4579,14.83,8.22,1.6,1,7.94,38.0,2.04,11027.0
HOSP100096,MO,2058,20.11,13.62,1.477,1,4.83,31.4,3.41,10667.0
HOSP100097,KY,525,14.85,15.27,0.972,0,6.94,31.2,2.35,13250.0
HOSP100098,VA,3680,21.25,17.26,1.231,1,7.01,26.3,1.79,13588.0
HOSP100099,TX,2785,18.38,19.22,0.956,0,6.03,35.2,2.83,12685.0
HOSP100100,MI,1720,17.37,13.29,1.307,1,4.94,20.5,1.08,14911.0
HOSP100101,IA,2710,12.42,19.14,0.7,0,3.7,34.4,4.13,12604.0
HOSP100102,NY,3541,18.81,14.37,1.309,1,5.73,26.0,3.52,15313.0
HOSP100103,AZ,3115,14.52,15.18,0.957,0,6.32,38.4,3.1,12834.0
HOSP100104,TN,3793,12.42,16.95,0.733,0,7.12,32.1,1.34,16521.0
HOSP100105,MA,4000,17.54,14.99,1.17,1,4.16,27.5,2.17,13508.0
HOSP100106,GA,1022,11.84,18.28,0.7,0,4.93,26.3,2.84,18488.0
HOSP100107,AZ,1402,13.71,14.49,0.946,0,4.16,31.7,2.56,16587.0
HOSP100108,SC,1464,15.97,14.53,1.099,1,4.5,31.3,1.28,15119.0
HOSP100109,OK,4970,22.66,18.13,1.25,1,5.93,25.2,1.62,13835.0
HOSP100110,LA,3048,13.94,13.59,1.026,1,4.45,28.6,2.55,9639.0
HOSP100111,IA,227,14.63,16.12,0.908,0,4.29,34.3,1.65,19023.0
HOSP100112,GA,2771,18.2,11.35,1.6,1,6.08,18.5,4.03,12322.0
HOSP100113,CO,4377,12.29,20.05,0.7,0,5.7,33.1,3.25,14790.0
HOSP100114,TN,750,17.33,18.52,0.936,0,5.59,31.6,2.08,15600.0
HOSP100115,WA,1215,19.62,22.38,0.877,0,4.48,36.3,3.85,13913.0
HOSP100116,MO,2286,15.08,18.85,0.8,0,6.62,23.0,3.67,18835.0
HOSP100117,MA,2599,19.08,12.68,1.505,1,5.22,28.0,3.06,10592.0
HOSP100118,CO,2493,16.87,17.17,0.983,0,7.82,29.4,2.76,20049.0
HOSP100119,AL,2013,13.81,13.2,1.046,1,5.38,33.2,2.53,16649.0
HOSP100120,KY,1468,15.41,19.45,0.792,0,2.63,31.0,2.31,13711.0
HOSP100121,LA,4861,14.86,12.75,1.165,1,2.58,19.3,1.6,13747.0
HOSP100122,OK,3747,15.74,12.63,1.246,1,5.89,30.0,4.18,7406.0
HOSP100123,OK,3912,16.46,11.48,1.434,1,6.63,42.0,2.33,11786.0
HOSP100124,OK,4820,17.76,14.28,1.244,1,4.34,32.3,2.83,13368.0
HOSP100125,WA,2340,17.53,13.78,1.272,1,7.51,39.5,1.98,15064.0
HOSP100126,NC,1142,8.7,12.35,0.704,0,7.03,35.3,2.57,18531.0
HOSP100127,CT,2862,15.71,20.47,0.767,0,5.43,37.5,5.37,21020.0
HOSP100128,MA,2342,11.47,16.82,0.7,0,5.79,30.2,2.15,15371.0
HOSP100129,WA,1398,15.17,16.53,0.918,0,6.18,31.7,4.1,15158.0
HOSP100130,CA,3204,15.63,19.47,0.803,0,7.28,29.8,2.77,12931.0
HOSP100131,LA,4748,18.93,16.14,1.173,1,5.95,28.0,3.41,9012.0
HOSP100132,OH,4183,15.91,13.63,1.167,1,5.41,33.2,3.92,12561.0
HOSP100133,NC,2147,16.78,11.25,1.492,1,5.94,24.4,3.05,13842.0
HOSP100134,AL,3837,18.38,13.49,1.362,1,5.79,41.2,2.48,17621.0
HOSP100135,CA,2301,19.68,19.26,1.022,1,6.22,21.5,2.63,16162.0
HOSP100136,VA,4168,15.63,12.36,1.265,1,3.47,33.7,2.66,15209.0
HOSP100137,GA,3260,16.28,16.38,0.994,0,5.55,37.7,4.48,12641.0
HOSP100138,AL,2120,16.03,18.08,0.887,0,5.71,26.8,1.46,8157.0
HOSP100139,NJ,347,14.37,16.21,0.886,0,5.12,20.2,1.21,8350.0
HOSP100140,MD,2776,13.69,16.5,0.83,0,6.06,36.1,1.27,9176.0
HOSP100141,IN,1352,9.18,17.14,0.7,0,7.31,29.4,2.0,13566.0
HOSP100142,GA,2185,12.77,16.45,0.776,0,5.35,33.7,3.43,17681.0
HOSP100143,FL,627,10.66,19.52,0.7,0,5.96,27.2,3.49,17595.0
HOSP100144,FL,1404,19.77,12.9,1.533,1,6.97,40.1,2.25,17040.0
HOSP100145,CA,1072,16.57,16.1,1.029,1,5.38,13.2,2.77,12852.0
HOSP100146,OR,569,15.62,10.95,1.426,1,4.22,30.6,1.8,18162.0
HOSP100147,PA,2354,13.85,10.32,1.342,1,5.88,37.4,1.88,11521.0
HOSP100148,MI,2747,16.09,15.3,1.052,1,2.78,28.7,3.32,17231.0
HOSP100149,OH,1270,13.46,16.86,0.798,0,2.67,30.1,3.74,9141.0
HOSP100150,KY,3218,16.52,19.58,0.844,0,5.57,25.0,2.37,10733.0
HOSP100151,NC,1100,16.74,21.55,0.777,0,2.62,28.1,4.27,19788.0
HOSP100152,OK,2486,13.42,18.8,0.714,0,3.75,16.3,3.67,13848.0
HOSP100153,OH,2393,13.36,17.32,0.771,0,4.78,23.0,4.23,12321.0
HOSP100154,NC,2795,18.89,15.9,1.188,1,4.41,22.5,2.53,18029.0
HOSP100155,GA,2007,15.84,11.67,1.357,1,5.04,32.7,4.17,18396.0
HOSP100156,VA,4762,13.66,15.13,0.903,0,6.42,24.0,4.76,13114.0
HOSP100157,TX,2015,14.89,18.73,0.795,0,5.46,24.2,2.43,15391.0
HOSP100158,CA,3062,12.97,17.75,0.731,0,4.28,25.4,2.66,14938.0
HOSP100159,TN,3003,15.8,12.28,1.287,1,6.69,22.8,1.95,6000.0
HOSP100160,SC,3378,18.49,17.04,1.085,1,3.63,29.9,1.77,10033.0
HOSP100161,SC,3869,15.92,16.82,0.946,0,5.44,30.6,1.78,17515.0
HOSP100162,IA,3378,23.09,16.37,1.411,1,3.51,33.8,2.07,11836.0
HOSP100163,AL,2521,17.26,15.43,1.119,1,5.48,32.6,3.05,16195.0
HOSP100164,PA,3041,16.69,17.16,0.973,0,4.85,31.9,2.11,15342.0
HOSP100165,FL,3906,13.28,17.24,0.77,0,6.39,25.7,3.02,18389.0
HOSP100166,VA,4375,15.28,13.9,1.099,1,5.99,25.2,3.04,10136.0
HOSP100167,GA,244,13.66,16.64,0.821,0,4.55,21.9,2.38,15761.0
HOSP100168,MN,2824,9.5,15.03,0.7,0,4.34,21.8,2.74,14291.0
HOSP100169,OR,2105,18.92,11.78,1.6,1,4.85,29.4,2.32,11973.0
HOSP100170,FL,943,14.47,14.1,1.026,1,7.26,23.0,2.52,11950.0
HOSP100171,CA,1984,13.72,11.59,1.184,1,6.98,38.3,2.07,15228.0
HOSP100172,FL,2266,16.63,17.95,0.926,0,4.13,27.7,2.88,16515.0
HOSP100173,PA,4256,17.54,16.39,1.07,1,6.08,38.5,2.26,14704.0
HOSP100174,MA,3475,15.04,14.61,1.029,1,3.3,32.0,1.75,14803.0
HOSP100175,AZ,3069,15.99,19.05,0.839,0,4.71,22.6,3.33,12905.0
HOSP100176,FL,2747,18.24,15.67,1.164,1,4.18,27.6,3.36,13117.0
HOSP100177,CA,3355,14.92,11.92,1.252,1,6.38,16.3,3.8,11964.0
HOSP100178,PA,4957,16.91,14.4,1.174,1,3.78,29.3,1.88,12840.0
HOSP100179,KY,964,11.02,19.58,0.7,0,5.67,23.2,2.37,16403.0
HOSP100180,SC,495,12.28,13.83,0.888,0,5.2,20.2,3.01,16760.0
HOSP100181,AZ,2499,17.82,16.19,1.101,1,5.01,38.7,2.35,10417.0
HOSP100182,OH,512,12.12,17.36,0.7,0,7.04,35.2,3.31,11631.0
HOSP100183,OR,2593,16.7,16.97,0.984,0,7.14,35.0,3.25,12227.0
HOSP100184,NC,2415,15.56,21.62,0.72,0,5.04,33.5,3.23,14295.0
HOSP100185,MA,2338,14.91,12.56,1.187,1,4.82,19.4,4.11,9114.0
HOSP100186,MA,3155,13.51,12.81,1.055,1,3.54,25.2,3.38,11687.0
HOSP100187,KY,3431,18.73,12.6,1.487,1,5.2,25.6,2.94,10066.0
HOSP100188,MI,1134,21.19,14.76,1.436,1,7.35,16.0,2.63,15782.0
HOSP100189,OK,1789,16.9,18.25,0.926,0,5.06,24.1,2.69,14405.0
HOSP100190,WA,977,16.97,12.92,1.313,1,6.0,24.2,1.84,13020.0
HOSP100191,MD,2880,13.95,18.28,0.763,0,3.66,28.9,1.21,11098.0
HOSP100192,OH,3681,12.41,15.59,0.796,0,4.72,45.7,3.22,13069.0
HOSP100193,IN,4601,15.88,12.73,1.247,1,5.71,27.9,3.9,12693.0
HOSP100194,WI,3085,13.08,11.12,1.176,1,5.32,28.9,2.5,19731.0
HOSP100195,CT,4026,10.68,11.68,0.914,0,6.11,26.2,4.23,17690.0
HOSP100196,NY,276,18.41,13.84,1.33,1,4.54,33.2,2.64,12290.0
HOSP100197,IA,3327,18.56,15.08,1.231,1,3.28,20.5,1.04,15029.0
HOSP100198,PA,3206,13.42,18.87,0.711,0,6.43,41.3,3.63,17521.0
HOSP100199,SC,753,16.73,17.5,0.956,0,4.17,27.1,2.37,12289.0
HOSP100200,OH,3599,19.01,13.4,1.419,1,5.76,25.2,3.71,9965.0
HOSP100201,WA,4296,16.62,16.52,1.006,1,5.7,34.8,1.65,8750.0
HOSP100202,MA,3683,12.42,19.63,0.7,0,3.37,21.8,3.17,18571.0
HOSP100203,NJ,3517,15.3,20.18,0.758,0,6.35,33.0,2.08,13889.0
HOSP100204,CT,3518,19.98,14.71,1.358,1,4.58,37.8,2.98,15432.0
HOSP100205,NY,3947,16.74,17.9,0.935,0,5.26,26.3,3.49,12662.0
HOSP100206,WA,1942,17.62,18.97,0.929,0,4.81,42.4,3.28,10443.0
HOSP100207,OH,3011,17.02,11.73,1.451,1,6.98,32.5,2.86,11040.0
HOSP100208,OR,3626,13.43,14.22,0.944,0,6.68,32.6,1.56,10209.0
HOSP100209,MD,3567,14.14,21.05,0.7,0,3.21,37.6,3.46,17220.0
HOSP100210,MN,1795,17.02,14.75,1.154,1,7.68,39.4,3.73,19276.0
HOSP100211,OK,1355,18.45,8.18,1.6,1,4.45,29.8,1.86,14619.0
HOSP100212,TX,3180,19.3,15.2,1.27,1,7.51,33.6,1.99,9643.0
HOSP100213,MI,3022,13.43,18.31,0.733,0,4.92,37.8,3.77,16089.0
HOSP100214,WA,3222,17.3,15.52,1.115,1,4.82,19.9,2.61,18548.0
HOSP100215,IA,2004,19.56,17.29,1.131,1,4.93,15.9,2.02,17609.0
HOSP100216,LA,4171,13.04,17.85,0.731,0,4.76,27.6,3.05,14407.0
HOSP100217,CO,4812,20.46,14.61,1.4,1,7.98,15.7,2.23,13750.0
HOSP100218,IL,2858,20.92,14.2,1.473,1,5.12,25.8,2.94,14381.0
HOSP100219,OK,3652,23.88,15.88,1.504,1,4.87,30.2,2.43,18421.0
HOSP100220,OK,1482,16.69,15.94,1.047,1,5.28,26.1,2.51,16933.0
HOSP100221,VA,351,16.71,15.64,1.068,1,4.14,27.0,3.8,13266.0
HOSP100222,VA,3657,18.48,15.74,1.174,1,6.96,21.0,0.58,13185.0
HOSP100223,WI,4362,18.39,13.63,1.349,1,3.58,33.5,3.3,12959.0
HOSP100224,IA,724,19.38,17.38,1.115,1,4.52,20.6,3.65,11093.0
HOSP100225,IA,686,18.35,17.0,1.079,1,6.23,13.3,2.24,18826.0
HOSP100226,NJ,1775,15.68,12.16,1.289,1,5.25,26.5,3.64,11979.0
HOSP100227,KY,2272,19.67,14.53,1.354,1,5.8,34.4,1.94,16069.0
HOSP100228,SC,535,12.79,15.73,0.813,0,6.89,28.6,2.21,12383.0
HOSP100229,OK,3431,16.02,14.16,1.131,1,6.3,19.8,2.1,12973.0
HOSP100230,LA,624,20.69,17.09,1.211,1,5.35,28.7,3.66,14136.0
HOSP100231,OH,567,12.25,15.33,0.799,0,7.5,31.1,1.23,16245.0
HOSP100232,IA,3750,13.97,15.92,0.878,0,4.51,28.6,4.28,13670.0
HOSP100233,CA,1104,18.02,14.5,1.243,1,5.09,26.1,2.53,10855.0
HOSP100234,CA,1355,17.18,10.52,1.6,1,5.17,31.4,3.35,14561.0
HOSP100235,LA,4909,13.37,10.37,1.289,1,5.09,15.8,3.28,12047.0
HOSP100236,OR,4270,14.75,16.97,0.869,0,4.02,21.7,2.94,19440.0
HOSP100237,IA,2140,12.46,16.17,0.771,0,3.46,18.9,2.26,13668.0
HOSP100238,LA,4955,18.94,16.6,1.141,1,5.66,37.4,3.92,12362.0
HOSP100239,WI,3722,15.23,15.84,0.961,0,4.5,33.0,2.34,20819.0
HOSP100240,WA,4530,21.38,16.04,1.333,1,7.3,29.3,2.14,16864.0
HOSP100241,NC,4308,16.24,17.92,0.906,0,5.12,17.8,3.59,11630.0
HOSP100242,FL,4907,15.34,16.61,0.924,0,4.92,33.2,2.93,11969.0
HOSP100243,OH,2863,15.05,18.1,0.831,0,6.4,37.7,4.02,16017.0
HOSP100244,IL,2353,15.27,15.93,0.959,0,5.64,32.0,2.74,14639.0
HOSP100245,GA,3270,16.33,14.75,1.107,1,5.01,27.8,2.21,17349.0
HOSP100246,OR,1116,23.54,15.99,1.472,1,4.5,32.4,3.05,12379.0
HOSP100247,NC,3582,14.98,13.41,1.117,1,9.22,29.9,2.4,16744.0
HOSP100248,IA,838,15.08,14.55,1.036,1,5.6,34.5,2.24,7337.0
HOSP100249,PA,4393,16.2,15.94,1.016,1,6.39,34.3,3.55,14006.0
HOSP100250,CA,3851,19.27,15.91,1.211,1,4.07,26.5,4.45,12525.0
HOSP100251,MD,491,11.74,15.23,0.771,0,4.56,23.4,2.58,13044.0
HOSP100252,MI,1874,17.37,12.03,1.444,1,7.52,25.2,1.92,14171.0
HOSP100253,VA,4572,13.55,17.09,0.793,0,6.74,31.8,2.66,18143.0
HOSP100254,AL,1942,17.66,17.59,1.004,1,5.7,25.6,3.26,10807.0
HOSP100255,MA,1909,14.52,19.61,0.74,0,4.78,22.7,3.03,7498.0
HOSP100256,OR,3362,9.09,16.6,0.7,0,4.94,28.0,3.87,11178.0
HOSP100257,MN,1139,17.11,15.5,1.104,1,4.46,35.8,3.4,17772.0
HOSP100258,AL,2412,17.08,12.97,1.317,1,3.93,28.9,1.81,9236.0
HOSP100259,NC,2632,14.26,19.23,0.742,0,6.22,26.1,2.36,12670.0
HOSP100260,WI,1101,14.08,16.12,0.873,0,5.79,30.2,1.56,17187.0
HOSP100261,IN,872,12.07,15.98,0.755,0,6.01,28.6,3.83,14313.0
HOSP100262,IA,3539,18.32,14.86,1.233,1,4.83,14.5,1.01,18112.0
HOSP100263,IN,2229,18.65,14.71,1.268,1,5.48,32.9,1.65,7988.0
HOSP100264,KY,2867,13.36,17.22,0.776,0,4.72,30.9,2.34,13471.0
HOSP100265,WI,2482,14.38,12.95,1.11,1,4.4,28.1,3.31,18779.0
HOSP100266,VA,3526,15.81,19.56,0.808,0,7.03,35.4,2.33,10894.0
HOSP100267,IA,4674,22.81,19.02,1.199,1,5.33,36.5,2.47,17811.0
HOSP100268,OH,1650,17.64,14.61,1.207,1,5.76,33.6,2.49,13746.0
HOSP100269,TX,435,13.17,13.34,0.987,0,6.12,22.0,2.96,15889.0
HOSP100270,FL,3645,16.91,10.46,1.6,1,5.35,22.3,1.7,18547.0
HOSP100271,IN,2215,11.87,12.37,0.96,0,5.46,35.8,1.95,15875.0
HOSP100272,PA,918,18.15,17.32,1.048,1,4.0,14.9,4.31,12608.0
HOSP100273,IN,3207,21.03,16.29,1.291,1,4.21,27.0,3.16,16299.0
HOSP100274,AL,4439,21.04,16.73,1.258,1,4.16,31.1,3.48,12382.0
HOSP100275,IN,2311,18.2,10.89,1.6,1,5.87,15.7,2.85,15375.0
HOSP100276,OR,3443,14.25,14.51,0.982,0,5.28,29.6,2.67,10494.0
HOSP100277,IN,1096,12.1,18.92,0.7,0,4.21,34.7,3.21,14593.0
HOSP100278,TX,3485,11.8,15.26,0.773,0,5.84,17.6,3.45,18306.0
HOSP100279,TX,4300,7.58,12.32,0.7,0,5.8,39.6,3.56,13544.0
HOSP100280,OK,1631,18.08,15.22,1.188,1,4.44,20.9,2.69,18000.0
HOSP100281,MN,2051,15.69,13.57,1.156,1,5.17,32.0,3.66,24399.0
HOSP100282,SC,3601,18.73,16.33,1.147,1,5.8,27.4,0.58,14407.0
HOSP100283,PA,4214,20.28,15.55,1.304,1,4.26,28.5,3.6,16465.0
HOSP100284,CA,204,16.3,16.86,0.967,0,5.82,19.0,2.42,16026.0
HOSP100285,CA,1973,16.44,12.46,1.319,1,5.53,36.8,3.3,15220.0
HOSP100286,MD,3612,14.61,14.38,1.016,1,4.1,30.3,2.22,17021.0
HOSP100287,IA,3229,14.96,18.23,0.821,0,5.44,39.3,1.61,13706.0
HOSP100288,TX,982,18.19,12.11,1.502,1,5.6,19.2,3.11,12380.0
HOSP100289,CO,4558,15.48,12.99,1.192,1,4.51,26.7,1.45,9616.0
HOSP100290,VA,2956,15.04,16.0,0.94,0,4.6,29.5,2.44,13403.0
HOSP100291,KY,2640,15.95,16.22,0.983,0,4.09,28.4,2.07,17385.0
HOSP100292,IL,477,18.66,14.28,1.307,1,4.71,32.7,2.64,11493.0
HOSP100293,SC,3460,13.92,14.8,0.941,0,5.19,26.6,3.52,15289.0
HOSP100294,NY,3450,15.8,16.83,0.939,0,4.6,42.9,2.36,14106.0
HOSP100295,SC,3825,16.74,17.62,0.95,0,3.57,28.3,3.08,12514.0
HOSP100296,NJ,3204,19.48,12.83,1.518,1,4.44,7.8,3.47,8570.0
HOSP100297,AL,2293,15.28,16.41,0.931,0,4.74,28.6,2.25,18861.0
HOSP100298,OR,1461,13.85,19.28,0.718,0,6.1,36.8,2.27,16155.0
HOSP100299,IN,3341,14.55,15.21,0.957,0,5.85,21.5,4.03,23029.0
HOSP100300,IL,2688,19.16,12.8,1.497,1,6.12,21.1,2.73,17954.0
HOSP100301,AL,4133,22.1,12.68,1.6,1,4.39,22.1,3.26,18790.0
HOSP100302,PA,4697,12.06,15.1,0.799,0,5.36,20.5,3.25,8902.0
HOSP100303,WI,314,12.71,18.09,0.703,0,2.53,24.6,1.72,8846.0
HOSP100304,TX,4427,15.49,15.4,1.006,1,5.67,34.4,2.12,14635.0
HOSP100305,IL,972,16.33,15.97,1.023,1,5.87,38.7,3.14,10826.0
HOSP100306,MN,1093,18.36,13.01,1.411,1,4.81,11.0,0.94,12320.0
HOSP100307,NJ,4575,13.33,17.96,0.742,0,5.52,25.4,2.61,22584.0
HOSP100308,TN,924,12.81,12.64,1.013,1,3.53,30.1,2.02,18308.0
HOSP100309,TN,2348,16.41,14.24,1.152,1,4.32,29.4,3.8,11506.0
HOSP100310,CA,3306,15.22,17.07,0.892,0,6.04,41.3,3.11,6928.0
HOSP100311,NC,4392,18.78,10.4,1.6,1,5.76,13.9,3.87,11236.0
HOSP100312,OK,3845,17.46,15.93,1.096,1,4.75,9.9,2.76,12717.0
HOSP100313,OR,3602,17.67,12.9,1.37,1,6.09,42.4,2.7,13472.0
HOSP100314,IL,1064,15.69,15.54,1.01,1,5.35,33.3,2.53,10407.0
HOSP100315,TN,1458,23.07,14.62,1.578,1,4.65,24.0,2.35,18116.0
HOSP100316,CT,4327,13.49,20.76,0.7,0,5.0,29.2,5.22,12223.0
HOSP100317,FL,663,17.83,14.52,1.228,1,4.7,29.7,3.53,16575.0
HOSP100318,WI,2070,12.19,20.11,0.7,0,3.9,23.8,1.84,14672.0
HOSP100319,OK,3744,12.78,16.97,0.753,0,6.58,29.0,5.18,17503.0
HOSP100320,OR,4991,14.18,13.5,1.05,1,4.58,30.5,2.44,13739.0
HOSP100321,NY,1559,20.89,16.33,1.279,1,4.28,42.1,3.09,11540.0
HOSP100322,MD,4952,16.79,14.74,1.139,1,3.52,34.7,3.65,12585.0
HOSP100323,KY,4716,14.23,16.11,0.883,0,2.3,40.2,1.42,12630.0
HOSP100324,FL,3340,17.12,13.72,1.248,1,5.97,18.6,2.06,21107.0
HOSP100325,MD,4641,16.11,19.73,0.817,0,6.07,25.6,4.28,14745.0
HOSP100326,WI,1705,14.52,17.81,0.815,0,6.51,29.7,2.6,14515.0
HOSP100327,OH,954,11.81,15.58,0.758,0,5.04,14.6,3.7,17322.0
HOSP100328,WI,1429,20.32,19.82,1.025,1,4.85,36.3,2.39,14500.0
HOSP100329,NC,3727,16.63,15.69,1.06,1,4.64,32.5,2.71,18089.0
HOSP100330,CA,3051,22.52,18.24,1.235,1,4.74,25.4,4.41,13309.0
HOSP100331,GA,1537,18.82,15.6,1.206,1,6.43,26.7,3.19,12984.0
HOSP100332,OH,4838,17.65,16.48,1.071,1,5.17,36.8,2.49,11363.0
HOSP100333,MO,2911,14.69,15.3,0.96,0,5.62,22.4,2.18,20420.0
HOSP100334,GA,2829,12.71,15.74,0.807,0,4.71,37.1,2.27,14277.0
HOSP100335,CA,2256,15.35,15.93,0.964,0,6.65,26.2,3.92,10743.0
HOSP100336,NJ,4373,12.63,13.83,0.913,0,3.1,33.3,3.49,15130.0
HOSP100337,OK,4981,17.95,14.5,1.238,1,3.86,28.6,1.77,12420.0
HOSP100338,LA,2918,20.9,14.96,1.397,1,5.62,43.6,2.88,13253.0
HOSP100339,LA,4103,15.22,16.07,0.947,0,7.13,21.8,2.74,15494.0
HOSP100340,MO,3336,18.83,15.42,1.221,1,4.95,24.0,3.08,19367.0
HOSP100341,SC,3430,13.93,18.43,0.756,0,4.27,17.5,2.26,14825.0
HOSP100342,IA,2723,15.09,17.62,0.856,0,6.3,20.3,3.79,12225.0
HOSP100343,MI,4766,13.56,15.01,0.903,0,5.56,33.0,2.8,12884.0
HOSP100344,FL,2749,9.6,18.95,0.7,0,6.62,39.2,3.14,16601.0
HOSP100345,OH,4183,15.89,20.18,0.787,0,3.78,33.8,2.09,8233.0
HOSP100346,OK,386,16.39,10.39,1.577,1,6.53,28.0,2.14,11163.0
HOSP100347,TN,1454,19.2,17.83,1.077,1,3.5,21.7,5.19,15180.0
HOSP100348,KY,3580,18.39,13.77,1.336,1,4.88,34.3,4.42,9039.0
HOSP100349,TN,1451,18.43,17.5,1.053,1,5.65,21.4,2.74,13500.0
HOSP100350,LA,2691,13.08,18.6,0.703,0,5.4,18.6,4.18,12970.0
HOSP100351,WI,2201,17.38,13.31,1.306,1,6.37,25.8,3.89,17308.0
HOSP100352,OK,591,20.75,10.87,1.6,1,3.19,13.8,2.24,13699.0
HOSP100353,IN,2226,17.14,17.59,0.974,0,5.36,18.3,2.15,18297.0
HOSP100354,TX,3330,21.49,15.84,1.357,1,6.52,41.2,3.4,14752.0
HOSP100355,CA,2807,22.06,11.33,1.6,1,5.27,17.0,3.03,20185.0
HOSP100356,TN,3948,15.19,21.82,0.7,0,3.94,19.7,2.44,10060.0
HOSP100357,IA,954,13.91,17.06,0.815,0,6.31,28.5,3.45,19675.0
HOSP100358,VA,224,13.72,17.18,0.799,0,4.49,28.9,1.5,13184.0
HOSP100359,PA,2325,11.45,18.91,0.7,0,4.29,26.4,2.9,19217.0
HOSP100360,PA,4074,14.44,14.05,1.028,1,4.15,14.0,1.68,18293.0
HOSP100361,OR,2239,19.62,15.83,1.239,1,4.98,33.9,1.71,6000.0
HOSP100362,SC,190,9.39,12.2,0.77,0,5.4,24.9,2.16,16033.0
HOSP100363,NC,2231,12.89,13.98,0.922,0,3.8,36.5,3.13,17692.0
HOSP100364,NC,4833,15.62,16.46,0.949,0,4.03,23.5,2.19,18751.0
HOSP100365,FL,1772,13.37,11.34,1.179,1,4.44,34.9,1.7,10735.0
HOSP100366,MD,491,14.42,13.91,1.037,1,4.15,37.1,3.23,16389.0
HOSP100367,TN,4202,14.46,13.18,1.097,1,5.24,24.7,4.14,15124.0
HOSP100368,TN,2224,15.23,15.86,0.96,0,5.6,34.2,3.37,15881.0
HOSP100369,FL,795,13.81,16.94,0.815,0,5.45,18.7,4.42,17697.0
HOSP100370,WI,4976,13.57,17.36,0.782,0,5.45,29.8,4.07,18201.0
HOSP100371,AL,4413,18.8,18.0,1.044,1,7.04,36.6,2.36,12402.0
HOSP100372,MN,759,19.15,18.93,1.012,1,5.67,31.6,3.37,15349.0
HOSP100373,AL,604,11.86,17.02,0.7,0,6.06,44.8,2.72,14632.0
HOSP100374,CA,3103,7.72,20.22,0.7,0,4.74,32.0,3.76,13734.0
HOSP100375,AL,1858,19.19,15.8,1.215,1,6.24,25.4,2.72,14040.0
HOSP100376,WI,3622,12.31,15.07,0.817,0,4.69,47.9,2.09,15127.0
HOSP100377,NJ,3119,16.64,17.02,0.978,0,5.65,39.4,4.04,12574.0
HOSP100378,IN,3178,11.3,14.96,0.755,0,3.69,16.8,3.09,17326.0
HOSP100379,GA,4947,19.89,20.13,0.988,0,5.38,22.5,2.2,18562.0
HOSP100380,NY,2831,23.63,18.33,1.289,1,4.13,20.7,2.35,11874.0
HOSP100381,IL,3779,16.55,17.38,0.952,0,6.23,32.5,2.2,18719.0
HOSP100382,GA,4375,15.72,15.83,0.993,0,6.16,32.0,1.9,11880.0
HOSP100383,WI,3217,15.03,14.48,1.038,1,4.69,31.9,2.37,17373.0
HOSP100384,IA,1536,18.35,17.25,1.064,1,7.45,16.6,3.14,18713.0
HOSP100385,FL,3926,17.7,12.68,1.396,1,4.89,23.5,2.86,14198.0
HOSP100386,TN,3016,19.01,19.34,0.983,0,3.43,27.0,2.41,11906.0
HOSP100387,IA,4938,14.12,15.06,0.938,0,4.34,15.2,4.15,12616.0
HOSP100388,LA,3513,17.02,16.26,1.047,1,4.05,21.9,0.99,15658.0
HOSP100389,FL,4274,14.37,13.23,1.086,1,5.62,37.5,3.08,20787.0
HOSP100390,LA,298,12.83,17.31,0.741,0,3.84,17.1,2.67,9083.0
HOSP100391,CT,4000,15.88,14.37,1.105,1,4.61,38.2,1.93,14821.0
HOSP100392,MO,2208,13.23,17.12,0.773,0,5.55,35.6,3.13,14218.0
HOSP100393,AZ,1286,19.52,17.39,1.122,1,5.35,26.0,2.6,13039.0
HOSP100394,MO,336,13.41,13.88,0.966,0,5.19,23.5,3.92,14241.0
HOSP100395,TX,3004,17.09,12.69,1.347,1,5.34,33.8,3.58,12765.0
HOSP100396,MN,1400,14.19,19.33,0.734,0,4.79,22.5,4.52,18478.0
HOSP100397,FL,1483,16.83,15.02,1.121,1,3.44,22.8,2.37,18796.0
HOSP100398,TN,4343,14.43,16.06,0.899,0,4.76,27.8,4.06,14782.0
HOSP100399,CT,4300,12.23,16.71,0.732,0,5.72,13.1,1.75,14048.0
HOSP100400,NC,2861,17.45,12.37,1.411,1,5.05,17.9,2.7,12922.0
HOSP100401,NY,4651,15.29,16.66,0.918,0,5.63,25.8,2.38,14789.0
HOSP100402,CA,1935,16.86,15.75,1.07,1,4.55,31.3,3.34,20413.0
HOSP100403,NY,900,14.71,13.89,1.059,1,6.29,22.4,3.32,14168.0
HOSP100404,CA,1912,12.02,12.61,0.953,0,2.39,26.6,1.99,11814.0
HOSP100405,AZ,4070,19.25,17.01,1.132,1,5.36,16.7,3.39,13227.0
HOSP100406,CO,4610,18.21,18.32,0.994,0,6.68,34.5,2.46,16911.0
HOSP100407,TN,631,14.3,15.95,0.897,0,6.85,29.5,2.06,12203.0
HOSP100408,WI,303,16.21,11.91,1.361,1,4.94,30.2,2.79,14392.0
HOSP100409,AL,1674,19.13,12.86,1.488,1,3.74,31.4,1.47,16013.0
HOSP100410,GA,2270,14.63,14.42,1.015,1,6.7,28.5,3.64,12446.0
HOSP100411,OH,2493,15.09,19.41,0.777,0,5.14,24.6,2.75,8854.0
HOSP100412,FL,1390,16.73,14.88,1.124,1,5.03,35.9,2.77,11072.0
HOSP100413,IN,210,14.62,14.33,1.02,1,4.22,29.1,2.72,11752.0
HOSP100414,CA,1088,18.57,11.32,1.6,1,3.83,26.8,4.28,13768.0
HOSP100415,TN,1789,15.49,13.86,1.118,1,5.82,27.9,4.17,14642.0
HOSP100416,VA,4270,13.65,12.42,1.099,1,5.94,27.8,4.02,17136.0
HOSP100417,OR,4376,17.83,12.99,1.373,1,5.42,26.8,2.72,10573.0
HOSP100418,MD,3719,12.57,15.8,0.796,0,4.36,31.1,1.8,16671.0
HOSP100419,MN,1402,22.04,14.5,1.52,1,4.03,21.4,2.79,13313.0
HOSP100420,SC,4353,20.75,19.75,1.051,1,3.62,22.0,3.08,8786.0
HOSP100421,MN,321,17.54,18.2,0.964,0,4.58,31.9,3.53,14543.0
HOSP100422,AZ,1608,17.29,13.98,1.237,1,4.09,27.0,3.08,18712.0
HOSP100423,IA,3699,17.15,13.21,1.298,1,3.32,34.8,1.88,17326.0
HOSP100424,IL,4347,14.53,18.96,0.766,0,5.92,30.9,2.32,14256.0
HOSP100425,IL,2472,16.89,19.65,0.86,0,3.75,24.1,2.24,18102.0
HOSP100426,WA,1786,13.23,10.01,1.322,1,6.28,32.0,3.29,15115.0
HOSP100427,MD,3265,17.51,15.73,1.113,1,5.63,36.4,3.31,17640.0
HOSP100428,MN,4240,18.6,14.87,1.251,1,5.52,31.1,3.43,9183.0
HOSP100429,GA,3154,14.87,17.12,0.869,0,7.03,32.7,3.07,10501.0
HOSP100430,OR,479,14.21,20.36,0.7,0,3.79,26.8,0.95,16833.0
HOSP100431,OR,3790,12.36,14.29,0.865,0,6.16,35.0,1.25,19426.0
HOSP100432,TX,4044,20.37,10.35,1.6,1,4.87,23.9,2.67,15835.0
HOSP100433,CO,4257,14.45,16.95,0.853,0,8.03,30.4,2.89,12909.0
HOSP100434,IA,1491,15.4,18.97,0.812,0,4.78,46.0,3.93,11778.0
HOSP100435,CA,3813,16.9,14.74,1.147,1,4.6,31.8,2.87,13491.0
HOSP100436,OK,365,16.85,13.74,1.226,1,5.67,25.1,1.92,18384.0
HOSP100437,MA,488,18.24,14.41,1.266,1,4.97,25.0,3.4,13404.0
HOSP100438,CA,4212,14.86,17.63,0.843,0,4.37,27.5,2.78,17853.0
HOSP100439,PA,2858,12.58,14.36,0.876,0,4.13,34.0,2.44,16588.0
HOSP100440,OK,3302,12.06,16.32,0.739,0,6.8,29.0,1.35,19985.0
HOSP100441,CT,1900,14.26,15.57,0.916,0,3.92,23.5,2.88,15141.0
HOSP100442,TN,2571,13.14,15.31,0.858,0,5.45,23.4,3.01,14341.0
HOSP100443,MD,859,15.09,17.25,0.875,0,6.36,29.1,1.9,18013.0
HOSP100444,NY,3876,19.92,14.3,1.393,1,6.41,28.3,3.47,11507.0
HOSP100445,FL,3792,14.87,14.42,1.031,1,4.54,31.2,3.39,13079.0
HOSP100446,IN,4143,14.87,17.49,0.85,0,4.97,34.4,2.84,9124.0
HOSP100447,IN,638,15.95,13.03,1.224,1,4.76,47.1,2.81,10486.0
HOSP100448,VA,196,14.78,13.3,1.111,1,3.51,17.8,3.65,20655.0
HOSP100449,OK,3509,15.8,12.35,1.279,1,5.79,32.8,3.13,16715.0
HOSP100450,IA,4956,17.62,17.62,1.0,0,5.24,28.7,2.17,10114.0
HOSP100451,CT,550,18.65,15.24,1.224,1,6.78,15.1,2.62,18323.0
HOSP100452,AZ,4140,19.01,12.22,1.556,1,4.29,36.7,3.3,12248.0
HOSP100453,CO,3307,22.17,17.63,1.258,1,6.4,30.9,0.97,16551.0
HOSP100454,IL,4495,17.71,14.11,1.255,1,6.48,33.6,1.96,16503.0
HOSP100455,FL,540,22.7,13.32,1.6,1,5.25,16.1,3.41,19828.0
HOSP100456,OK,4003,13.67,15.01,0.911,0,2.81,26.5,3.89,12779.0
HOSP100457,NC,4580,22.27,19.2,1.16,1,4.64,20.4,3.72,12131.0
HOSP100458,PA,778,14.86,14.51,1.024,1,7.16,43.1,3.6,6000.0
HOSP100459,AL,4382,15.15,16.94,0.894,0,5.53,36.0,2.92,14110.0
HOSP100460,CT,3080,15.64,17.32,0.903,0,5.96,23.2,1.87,16821.0
HOSP100461,IN,1671,15.34,16.61,0.924,0,5.1,17.2,2.62,17258.0
HOSP100462,AZ,976,16.26,18.68,0.87,0,4.95,29.4,1.01,18508.0
HOSP100463,CO,4972,14.26,13.73,1.039,1,3.15,35.6,3.97,15427.0
HOSP100464,FL,1650,18.49,12.89,1.434,1,6.07,15.9,2.06,16115.0
HOSP100465,OK,3444,14.34,12.84,1.117,1,6.39,21.5,2.32,14718.0
HOSP100466,CA,2569,17.97,15.14,1.187,1,4.15,20.3,3.75,16764.0
HOSP100467,WI,1084,20.58,13.13,1.567,1,5.0,34.1,1.35,11510.0
HOSP100468,CT,3192,14.93,15.87,0.941,0,4.85,25.4,1.73,9993.0
HOSP100469,CO,4647,18.38,15.69,1.171,1,5.66,25.7,3.04,11848.0
HOSP100470,SC,1616,17.68,18.05,0.98,0,4.6,29.2,3.27,15184.0
HOSP100471,CA,3711,22.76,16.23,1.402,1,6.22,21.9,2.74,10339.0
HOSP100472,FL,764,14.49,14.46,1.002,1,5.28,17.9,2.76,12474.0
HOSP100473,MO,1332,18.39,16.53,1.113,1,2.4,37.6,3.94,12576.0
HOSP100474,LA,3373,11.12,12.92,0.861,0,5.69,38.2,3.37,17002.0
HOSP100475,MI,2817,14.51,15.4,0.942,0,6.3,29.3,3.25,16612.0
HOSP100476,MN,280,17.06,16.3,1.047,1,3.93,29.8,3.5,14726.0
HOSP100477,KY,3133,20.18,15.82,1.276,1,5.65,36.8,2.53,15943.0
HOSP100478,FL,4428,12.32,16.54,0.745,0,7.21,29.1,4.76,16007.0
HOSP100479,GA,4609,18.36,13.89,1.322,1,5.32,25.1,0.72,13336.0
HOSP100480,AZ,188,15.81,18.38,0.86,0,6.46,28.3,4.11,12764.0
HOSP100481,AL,4109,11.44,20.06,0.7,0,4.71,37.8,3.61,19417.0
HOSP100482,MO,3737,16.54,11.49,1.44,1,5.18,28.4,3.02,6535.0
HOSP100483,MA,1070,21.13,12.46,1.6,1,4.97,23.3,2.87,12128.0
HOSP100484,MN,2919,12.64,15.61,0.81,0,4.77,29.0,2.66,13848.0
HOSP100485,SC,4261,15.67,14.86,1.055,1,5.04,32.6,3.79,16292.0
HOSP100486,TX,642,13.04,20.24,0.7,0,3.41,31.8,2.76,18134.0
HOSP100487,OR,1281,14.59,16.05,0.909,0,4.84,31.9,2.14,20442.0
HOSP100488,MI,3671,20.3,18.98,1.07,1,6.67,22.2,3.61,14207.0
HOSP100489,TX,460,15.19,10.38,1.463,1,4.14,33.4,4.23,14421.0
HOSP100490,KY,888,20.2,17.54,1.152,1,4.03,28.2,1.07,15660.0
HOSP100491,IN,3391,19.33,13.71,1.41,1,5.27,23.0,4.92,12800.0
HOSP100492,GA,695,14.91,13.67,1.091,1,5.32,33.3,1.87,10710.0
HOSP100493,CA,2611,14.49,14.88,0.974,0,5.62,24.8,1.94,14192.0
HOSP100494,NC,4496,13.31,11.94,1.115,1,5.07,17.0,1.68,16885.0
HOSP100495,NJ,1954,13.21,16.61,0.795,0,5.28,21.0,2.8,13723.0
HOSP100496,MN,3362,17.06,15.98,1.068,1,4.81,26.7,1.65,15823.0
HOSP100497,TN,3960,15.94,16.17,0.986,0,3.8,32.0,1.76,8520.0
HOSP100498,OH,963,14.13,17.72,0.797,0,5.12,22.0,2.18,14559.0
HOSP100499,CT,4274,11.35,19.29,0.7,0,6.0,26.3,2.92,13209.0
HOSP100500,MI,2182,16.32,14.59,1.119,1,5.77,19.5,3.01,10420.0
HOSP100501,SC,4722,14.59,16.69,0.874,0,3.28,34.9,3.92,16603.0
HOSP100502,KY,4563,15.41,16.23,0.949,0,5.48,40.0,3.9,20406.0
HOSP100503,FL,394,16.91,16.44,1.029,1,4.22,39.3,3.72,17668.0
HOSP100504,MO,4993,8.49,16.48,0.7,0,6.73,34.8,2.56,17872.0
HOSP100505,LA,4942,11.4,19.48,0.7,0,5.56,34.0,1.14,16780.0
HOSP100506,AL,421,22.89,14.35,1.595,1,6.19,13.5,1.12,16569.0
HOSP100507,WA,3661,14.48,11.69,1.239,1,5.22,29.2,3.72,8742.0
HOSP100508,OK,1921,8.45,13.76,0.7,0,5.13,24.5,3.56,14091.0
HOSP100509,KY,1412,11.65,17.39,0.7,0,6.85,34.2,2.24,16128.0
HOSP100510,OH,2574,23.45,15.56,1.507,1,6.27,10.2,1.5,16200.0
HOSP100511,LA,4511,13.89,14.33,0.969,0,5.33,29.4,1.86,18569.0
HOSP100512,NY,1070,19.48,12.81,1.521,1,4.98,26.5,2.96,11196.0
HOSP100513,WA,3580,16.36,16.05,1.019,1,3.32,35.8,2.96,16443.0
HOSP100514,WI,4585,14.55,17.11,0.85,0,5.56,38.8,3.74,11092.0
HOSP100515,CA,4634,18.33,16.26,1.127,1,5.06,21.5,2.39,13823.0
HOSP100516,GA,2774,8.85,14.87,0.7,0,5.81,21.8,2.58,14302.0
HOSP100517,AZ,3910,11.68,15.87,0.736,0,6.14,29.6,3.81,17260.0
HOSP100518,TN,2200,14.52,15.85,0.916,0,6.56,40.1,0.89,16884.0
HOSP100519,AZ,3650,11.97,15.97,0.75,0,5.57,28.4,3.09,14885.0
HOSP100520,VA,1315,14.26,12.54,1.137,1,4.05,19.0,2.5,7613.0
HOSP100521,MD,525,18.56,15.99,1.161,1,2.84,23.8,3.44,15923.0
HOSP100522,SC,2183,16.4,14.4,1.139,1,4.29,29.4,3.26,13643.0
HOSP100523,MA,295,19.99,18.1,1.104,1,6.67,29.7,2.17,18954.0
HOSP100524,OK,4538,16.59,15.83,1.048,1,7.21,23.1,2.34,18191.0
HOSP100525,TX,581,18.98,17.59,1.079,1,4.94,23.6,0.73,11498.0
HOSP100526,TX,854,15.81,14.75,1.072,1,3.59,21.1,3.47,16363.0
HOSP100527,SC,2782,14.23,14.84,0.959,0,4.49,36.0,3.02,16426.0
HOSP100528,MN,4644,20.44,19.24,1.062,1,6.45,22.2,4.06,16193.0
HOSP100529,MD,1113,13.87,16.59,0.836,0,4.55,24.7,2.44,15779.0
HOSP100530,LA,2384,17.03,13.71,1.242,1,5.85,24.5,3.62,16516.0
HOSP100531,KY,2191,18.31,17.74,1.032,1,5.39,16.8,1.84,19305.0
HOSP100532,IA,1978,18.52,14.17,1.307,1,5.98,22.0,0.37,12736.0
HOSP100533,CT,2258,12.5,16.06,0.778,0,7.2,36.6,2.71,11601.0
HOSP100534,MN,4218,19.16,20.09,0.954,0,5.85,19.5,2.29,17005.0
HOSP100535,KY,1088,13.06,11.92,1.096,1,5.36,21.3,1.85,8473.0
HOSP100536,KY,4955,18.43,15.06,1.224,1,7.32,18.7,3.61,16593.0
HOSP100537,MN,956,17.61,16.52,1.066,1,5.58,27.4,3.89,16026.0
HOSP100538,IN,1613,18.46,17.41,1.06,1,4.33,41.2,2.89,6994.0
HOSP100539,WI,3565,12.38,12.4,0.998,0,5.96,27.1,2.64,12464.0
HOSP100540,MI,160,17.76,11.66,1.523,1,5.69,28.5,2.86,19543.0
HOSP100541,IL,2018,19.26,18.23,1.057,1,4.86,22.4,2.21,9837.0
HOSP100542,MA,1034,16.58,13.7,1.21,1,4.63,27.6,3.31,15180.0
HOSP100543,MN,3714,13.54,13.59,0.996,0,4.87,36.6,1.41,11284.0
HOSP100544,NJ,1539,18.76,19.38,0.968,0,4.61,29.0,1.83,12231.0
HOSP100545,OK,3551,16.34,15.67,1.043,1,4.91,42.9,2.09,20632.0
HOSP100546,PA,4471,10.98,15.69,0.7,0,4.27,36.8,3.29,14895.0
HOSP100547,CA,974,13.31,15.05,0.884,0,5.62,27.4,2.53,16154.0
HOSP100548,GA,2415,14.42,12.44,1.159,1,5.54,27.3,4.02,14140.0
HOSP100549,CO,1086,20.52,17.19,1.194,1,5.58,39.4,3.52,9652.0
HOSP100550,OK,2950,19.99,16.52,1.21,1,5.13,29.0,2.08,10708.0
HOSP100551,VA,2703,19.98,15.92,1.255,1,5.0,37.9,3.37,18271.0
HOSP100552,VA,3995,16.7,15.21,1.098,1,6.79,42.0,2.43,14989.0
HOSP100553,PA,1946,18.74,14.77,1.269,1,5.27,26.6,3.23,12035.0
HOSP100554,OH,203,12.58,17.78,0.708,0,6.59,30.5,3.57,14429.0
HOSP100555,NY,876,16.02,15.15,1.057,1,4.1,34.9,3.8,16617.0
HOSP100556,IL,2886,17.35,15.34,1.131,1,5.85,33.4,2.98,15954.0
HOSP100557,WA,3320,12.78,16.82,0.76,0,4.39,33.3,4.24,12037.0
HOSP100558,WI,2063,16.63,16.02,1.038,1,4.59,18.7,3.2,9459.0
HOSP100559,IA,1746,21.06,19.61,1.074,1,4.75,22.1,2.92,13197.0
HOSP100560,MA,2064,17.68,11.1,1.593,1,4.68,24.5,2.53,18049.0
HOSP100561,FL,2616,18.75,16.25,1.154,1,4.68,36.5,2.23,17234.0
HOSP100562,SC,2887,8.64,13.74,0.7,0,6.54,19.4,3.18,15813.0
HOSP100563,GA,999,20.67,13.14,1.573,1,5.25,38.7,2.89,13953.0
HOSP100564,WI,2259,15.44,14.36,1.075,1,5.45,33.5,3.03,12846.0
HOSP100565,TN,152,13.69,15.64,0.875,0,4.7,36.1,3.23,14013.0
HOSP100566,WA,4405,15.48,15.75,0.983,0,6.14,21.5,3.03,17002.0
HOSP100567,MO,4219,11.54,11.71,0.985,0,5.59,28.5,4.61,17733.0
HOSP100568,OK,1042,19.14,14.15,1.353,1,4.86,30.1,2.32,13662.0
HOSP100569,MI,2180,14.99,16.2,0.925,0,3.46,29.8,3.19,22616.0
HOSP100570,IA,3310,13.78,13.31,1.035,1,5.44,30.1,2.6,14796.0
HOSP100571,MD,2526,15.5,12.71,1.22,1,5.83,26.1,0.58,13390.0
HOSP100572,IN,4825,19.35,9.86,1.6,1,4.12,28.9,2.63,19222.0
HOSP100573,AL,2083,16.39,13.84,1.184,1,4.88,35.2,1.96,7977.0
HOSP100574,MD,1530,11.77,12.63,0.932,0,5.79,19.8,2.74,16036.0
HOSP100575,OK,3831,17.39,13.04,1.334,1,3.47,38.8,2.78,14267.0
HOSP100576,KY,1440,13.21,14.82,0.891,0,4.49,34.9,3.15,19134.0
HOSP100577,SC,1790,9.53,14.0,0.7,0,5.61,21.2,2.32,16436.0
HOSP100578,KY,2832,20.49,12.58,1.6,1,6.42,30.7,2.44,14945.0
HOSP100579,PA,1137,17.37,10.21,1.6,1,7.6,34.3,3.43,16620.0
HOSP100580,KY,1368,15.77,16.26,0.97,0,7.35,19.4,2.07,11122.0
HOSP100581,CO,1505,14.96,17.38,0.861,0,5.36,28.3,1.15,17594.0
HOSP100582,IA,4415,20.19,14.51,1.391,1,4.67,27.5,2.94,10197.0
HOSP100583,SC,4766,25.26,14.84,1.6,1,6.22,23.5,3.76,15647.0
HOSP100584,NC,4285,17.35,15.51,1.119,1,4.6,28.6,3.42,14614.0
HOSP100585,VA,1710,12.91,19.45,0.7,0,4.36,23.8,2.96,8858.0
HOSP100586,CO,1568,15.54,11.58,1.342,1,4.86,37.6,3.93,14721.0
HOSP100587,CA,1104,17.29,14.46,1.196,1,4.73,23.6,3.77,15402.0
HOSP100588,KY,1133,8.95,11.2,0.799,0,5.65,33.5,2.5,12404.0
HOSP100589,KY,1124,17.0,16.41,1.036,1,4.54,16.4,3.02,11260.0
HOSP100590,CA,4283,17.31,15.14,1.143,1,5.29,26.9,3.06,16075.0
HOSP100591,MA,4122,19.98,16.01,1.248,1,6.95,28.1,2.72,15659.0
HOSP100592,TX,1063,19.67,15.88,1.239,1,5.33,26.6,3.82,15226.0
HOSP100593,IA,4699,16.33,17.98,0.908,0,6.87,25.2,2.66,14528.0
HOSP100594,MN,186,20.54,16.85,1.219,1,6.52,23.3,2.35,12687.0
HOSP100595,TN,3537,22.11,17.58,1.258,1,5.85,33.3,0.47,21771.0
HOSP100596,LA,1861,16.08,12.84,1.252,1,4.81,35.0,2.08,13545.0
HOSP100597,GA,3170,17.25,18.48,0.933,0,6.34,27.4,1.62,11732.0
HOSP100598,WA,945,10.7,13.69,0.782,0,4.93,20.3,2.76,14674.0
HOSP100599,CO,4186,11.65,13.84,0.842,0,5.2,40.6,1.67,13921.0
HOSP100600,CA,4838,13.49,16.18,0.834,0,5.56,21.8,3.35,13471.0
HOSP100601,TN,3261,14.67,16.25,0.903,0,5.19,17.8,3.8,20498.0
HOSP100602,CT,1474,12.71,12.82,0.991,0,4.41,13.9,2.77,10885.0
HOSP100603,OH,467,15.89,15.07,1.054,1,3.52,28.7,1.91,14620.0
HOSP100604,PA,2546,14.76,19.22,0.768,0,6.26,26.5,3.06,11099.0
HOSP100605,MN,2312,19.21,11.83,1.6,1,5.83,35.2,4.5,12769.0
HOSP100606,CT,2895,14.58,19.21,0.759,0,3.31,32.3,4.22,20056.0
HOSP100607,SC,1741,9.14,14.9,0.7,0,4.38,30.0,1.53,15401.0
HOSP100608,FL,3261,16.38,9.66,1.6,1,5.4,26.1,1.5,15362.0
HOSP100609,VA,4080,15.96,12.08,1.321,1,5.69,35.8,1.27,11494.0
HOSP100610,KY,2146,13.41,13.09,1.024,1,3.53,41.1,1.78,13141.0
HOSP100611,TN,1462,16.28,13.94,1.168,1,5.1,35.1,3.03,20334.0
HOSP100612,MD,1435,12.77,15.24,0.838,0,5.79,24.8,2.3,16098.0
HOSP100613,PA,4461,16.99,8.74,1.6,1,4.81,33.5,2.05,13413.0
HOSP100614,MN,2533,23.9,15.97,1.497,1,5.48,25.2,3.74,15910.0
HOSP100615,LA,3389,10.58,12.86,0.823,0,4.66,20.3,3.28,15357.0
HOSP100616,CT,2289,14.45,18.98,0.761,0,6.2,21.7,1.27,11814.0
HOSP100617,AZ,1854,13.97,14.82,0.943,0,4.32,25.5,3.68,13320.0
HOSP100618,OK,512,14.7,17.86,0.823,0,3.94,28.7,3.26,21715.0
HOSP100619,PA,2754,19.06,18.28,1.043,1,5.23,42.4,3.28,15754.0
HOSP100620,MA,1866,17.63,18.21,0.968,0,3.62,21.8,2.29,9479.0
HOSP100621,IN,4601,18.55,14.08,1.317,1,2.88,37.3,2.63,16133.0
HOSP100622,IA,4436,16.09,14.05,1.145,1,6.39,25.8,1.02,18670.0
HOSP100623,AZ,3888,12.03,14.94,0.805,0,4.12,13.9,3.58,11606.0
HOSP100624,IA,2619,12.66,17.09,0.741,0,3.73,24.5,1.9,13038.0
HOSP100625,WI,4945,18.24,14.22,1.283,1,4.31,36.2,2.02,19152.0
HOSP100626,PA,706,16.51,15.2,1.086,1,4.26,30.4,2.0,14612.0
HOSP100627,VA,975,19.78,16.18,1.222,1,5.04,30.8,4.42,14043.0
HOSP100628,TN,2958,16.88,13.24,1.275,1,4.0,37.3,2.2,10225.0
HOSP100629,KY,4671,12.45,13.08,0.952,0,5.75,20.7,3.65,17926.0
HOSP100630,KY,2869,14.43,15.1,0.956,0,5.91,20.6,2.78,13897.0
HOSP100631,TN,3658,17.69,15.44,1.146,1,3.8,12.2,2.05,7553.0
HOSP100632,CO,3891,18.13,16.58,1.093,1,4.52,34.1,1.89,9468.0
HOSP100633,OH,1724,18.57,17.18,1.081,1,4.62,31.9,2.23,12703.0
HOSP100634,NY,4148,12.85,12.75,1.008,1,5.02,33.1,2.73,11067.0
HOSP100635,CA,2279,12.4,13.47,0.921,0,6.39,19.7,3.34,11569.0
HOSP100636,IA,2553,15.43,13.07,1.181,1,6.45,16.8,2.38,22003.0
HOSP100637,IA,3479,20.32,19.03,1.068,1,7.95,18.8,2.34,16764.0
HOSP100638,PA,738,13.92,15.2,0.916,0,2.7,21.5,2.01,6252.0
HOSP100639,SC,2162,17.36,15.54,1.117,1,4.18,38.9,1.73,13494.0
HOSP100640,KY,1697,17.37,15.64,1.111,1,7.2,35.0,1.65,14214.0
HOSP100641,MI,444,18.28,13.71,1.333,1,3.22,24.8,3.69,9774.0
HOSP100642,MN,2135,20.99,19.41,1.081,1,7.17,30.1,2.32,16210.0
HOSP100643,PA,3267,20.69,16.53,1.252,1,5.36,23.3,2.4,7968.0
HOSP100644,NY,1840,14.22,15.6,0.912,0,5.4,30.5,2.2,18010.0
HOSP100645,TX,1286,9.71,12.74,0.762,0,3.79,20.0,2.51,19113.0
HOSP100646,WI,2214,13.96,12.6,1.108,1,4.7,33.3,3.13,22028.0
HOSP100647,MI,4605,16.23,14.73,1.102,1,7.12,22.1,2.36,9462.0
HOSP100648,KY,4945,14.92,13.75,1.085,1,5.15,33.6,2.96,10113.0
HOSP100649,MD,4693,21.9,12.83,1.6,1,4.71,25.0,4.08,16717.0
HOSP100650,KY,4920,16.06,14.57,1.102,1,5.65,22.5,2.06,18285.0
HOSP100651,CA,1157,17.96,14.96,1.201,1,4.99,39.3,2.4,17089.0
HOSP100652,AL,2664,16.65,15.85,1.05,1,5.58,29.2,3.38,17955.0
HOSP100653,PA,3676,14.96,14.24,1.051,1,4.27,25.7,4.15,18906.0
HOSP100654,WA,4831,10.23,12.98,0.788,0,5.12,33.3,1.68,15147.0
HOSP100655,NY,1397,15.76,13.07,1.206,1,4.49,18.6,1.27,13820.0
HOSP100656,TN,4052,25.76,18.53,1.39,1,3.22,35.7,2.8,10122.0
HOSP100657,AL,1585,12.27,12.37,0.992,0,5.73,27.0,2.71,13546.0
HOSP100658,TN,721,10.56,16.41,0.7,0,3.84,32.2,3.43,14036.0
HOSP100659,SC,2532,21.81,16.8,1.298,1,5.02,17.2,3.29,11461.0
HOSP100660,TX,1395,18.23,15.2,1.199,1,6.22,25.3,2.77,14378.0
HOSP100661,IN,2234,16.56,19.92,0.831,0,3.55,28.0,3.74,11100.0
HOSP100662,OK,427,20.09,16.75,1.199,1,5.87,35.2,2.19,18063.0
HOSP100663,OR,2037,13.51,20.11,0.7,0,4.87,32.8,2.99,15863.0
HOSP100664,WI,4729,15.68,13.87,1.13,1,4.14,25.3,1.71,13029.0
HOSP100665,AL,1415,18.87,13.92,1.356,1,7.43,30.2,2.76,15104.0
HOSP100666,VA,4976,22.33,16.82,1.328,1,5.2,36.8,1.48,10964.0
HOSP100667,MO,1190,12.49,14.85,0.841,0,4.58,26.6,1.8,11288.0
HOSP100668,FL,1067,19.84,19.71,1.007,1,4.34,25.8,4.34,12472.0
HOSP100669,OK,1035,17.15,16.35,1.049,1,6.17,14.8,1.16,13886.0
HOSP100670,CA,2902,16.49,12.89,1.279,1,4.53,26.0,2.61,14952.0
HOSP100671,CA,171,15.98,11.16,1.432,1,6.03,15.8,3.54,14965.0
HOSP100672,CT,4719,11.85,15.3,0.775,0,5.2,27.2,4.8,10280.0
HOSP100673,MD,3341,18.89,15.28,1.236,1,6.43,34.9,2.96,14242.0
HOSP100674,NJ,2503,13.65,16.28,0.838,0,4.05,13.2,3.01,11882.0
HOSP100675,PA,4949,12.76,18.53,0.7,0,4.21,36.6,2.84,6000.0
HOSP100676,VA,836,18.66,18.2,1.025,1,4.89,25.7,3.75,24342.0
HOSP100677,FL,434,18.37,14.05,1.307,1,4.98,27.8,3.19,11944.0
HOSP100678,CA,4961,16.24,12.27,1.324,1,4.81,24.5,2.28,12122.0
HOSP100679,CA,3897,19.24,12.41,1.55,1,8.09,16.0,3.8,10191.0
HOSP100680,GA,912,20.28,13.66,1.485,1,7.47,22.5,2.38,11116.0
HOSP100681,MI,2578,19.92,14.58,1.366,1,5.53,42.7,1.36,13896.0
HOSP100682,NJ,2657,14.42,16.26,0.887,0,5.66,20.3,1.36,18826.0
HOSP100683,VA,178,19.04,13.5,1.41,1,4.94,16.9,2.62,13878.0
HOSP100684,CT,1056,16.63,16.2,1.027,1,4.05,29.0,2.89,13465.0
HOSP100685,WA,3254,21.18,16.41,1.291,1,5.0,27.4,3.66,18341.0
HOSP100686,VA,4149,15.63,15.86,0.985,0,6.05,25.7,3.38,12822.0
HOSP100687,AZ,3144,14.93,12.68,1.177,1,6.64,28.1,2.87,14568.0
HOSP100688,TX,2656,14.16,16.67,0.849,0,6.3,32.5,3.71,11551.0
HOSP100689,CT,4815,16.57,20.7,0.8,0,3.54,23.9,2.81,19892.0
HOSP100690,MD,3759,17.4,16.11,1.08,1,4.88,29.4,1.64,17855.0
HOSP100691,MO,3703,17.46,8.12,1.6,1,3.58,35.2,1.44,14010.0
HOSP100692,FL,1603,17.05,18.6,0.917,0,6.49,21.0,3.95,13222.0
HOSP100693,SC,4983,18.01,13.74,1.311,1,4.75,11.7,0.78,14398.0
HOSP100694,IN,3506,15.33,21.16,0.724,0,5.15,32.7,2.62,14057.0
HOSP100695,KY,665,13.38,15.79,0.847,0,5.73,45.5,5.48,9550.0
HOSP100696,GA,188,13.12,11.29,1.162,1,8.24,27.9,3.21,17965.0
HOSP100697,CT,3492,18.93,10.34,1.6,1,5.5,29.4,2.61,13773.0
HOSP100698,KY,1036,17.41,19.35,0.9,0,4.94,25.9,1.28,20575.0
HOSP100699,MI,2994,10.43,18.26,0.7,0,3.83,39.1,4.26,15850.0
HOSP100700,KY,2354,19.29,21.07,0.916,0,6.8,27.5,3.89,6433.0
HOSP100701,IA,1248,21.64,15.53,1.393,1,5.0,26.7,3.42,10399.0
HOSP100702,TX,1973,13.85,15.36,0.902,0,7.02,34.4,2.8,7633.0
HOSP100703,MD,3351,17.01,14.54,1.17,1,6.42,24.6,3.31,10359.0
HOSP100704,NC,3305,14.58,13.85,1.053,1,4.69,19.0,2.67,9272.0
HOSP100705,OH,3243,17.88,14.52,1.231,1,3.67,34.2,1.92,15308.0
HOSP100706,NY,3680,12.5,16.04,0.779,0,5.5,23.9,3.66,13489.0
HOSP100707,KY,3928,15.79,13.39,1.179,1,4.52,21.2,2.75,16870.0
HOSP100708,CO,3046,18.94,11.33,1.6,1,5.24,42.7,3.27,14378.0
HOSP100709,MO,3603,19.71,15.9,1.24,1,6.35,26.7,2.69,13731.0
HOSP100710,WA,3661,17.28,13.33,1.296,1,3.38,31.5,3.22,20910.0
HOSP100711,NJ,1138,14.98,7.4,1.6,1,5.49,28.2,2.79,15213.0
HOSP100712,CT,4266,11.22,16.88,0.7,0,6.04,21.8,2.72,14242.0
HOSP100713,AL,4176,13.73,12.73,1.079,1,6.09,32.8,2.83,11769.0
HOSP100714,NY,4329,14.59,17.15,0.851,0,3.7,30.2,5.46,10737.0
HOSP100715,LA,1832,13.91,17.09,0.814,0,5.66,23.4,3.52,16966.0
HOSP100716,CO,4815,16.18,16.21,0.998,0,6.52,31.0,5.13,16774.0
HOSP100717,CT,4113,14.97,21.74,0.7,0,5.58,24.4,2.79,19529.0
HOSP100718,LA,1083,16.52,15.15,1.09,1,5.07,20.3,2.52,16033.0
HOSP100719,NY,3748,19.61,14.79,1.326,1,6.45,19.6,1.83,13242.0
HOSP100720,MI,3383,14.78,17.21,0.859,0,4.44,29.9,4.24,16135.0
HOSP100721,PA,2130,11.85,15.36,0.771,0,3.52,25.3,1.99,14243.0
HOSP100722,NC,2005,13.89,18.4,0.755,0,4.98,38.5,4.43,17269.0
HOSP100723,AL,3206,17.75,12.33,1.44,1,5.79,27.7,1.89,18770.0
HOSP100724,FL,942,18.03,12.37,1.458,1,6.34,22.5,3.6,13961.0
HOSP100725,IN,941,17.22,17.41,0.989,0,5.78,29.1,1.37,20123.0
HOSP100726,FL,1959,19.9,12.59,1.581,1,6.12,18.9,2.4,18303.0
HOSP100727,TN,2405,15.44,17.02,0.907,0,6.35,27.4,2.82,14557.0
HOSP100728,NY,3760,22.16,16.43,1.349,1,4.83,30.2,2.26,16646.0
HOSP100729,MO,1757,18.45,13.76,1.341,1,5.04,29.4,2.65,15478.0
HOSP100730,IN,1134,8.43,16.42,0.7,0,6.62,37.1,2.65,14570.0
HOSP100731,OH,3826,21.4,12.41,1.6,1,3.87,46.2,3.53,20622.0
HOSP100732,AL,3530,13.7,13.0,1.054,1,5.67,32.7,0.92,16156.0
HOSP100733,SC,669,12.9,14.91,0.865,0,4.41,36.3,2.29,11809.0
HOSP100734,IA,740,17.57,15.7,1.119,1,6.41,45.8,3.93,11210.0
HOSP100735,PA,1200,10.79,14.74,0.732,0,5.18,21.0,3.31,11341.0
HOSP100736,VA,3783,13.91,16.58,0.839,0,5.21,28.9,3.94,16066.0
HOSP100737,IN,4594,20.67,16.47,1.255,1,7.1,24.7,3.48,13407.0
HOSP100738,SC,1109,17.67,19.32,0.915,0,4.02,33.9,1.82,15567.0
HOSP100739,WA,842,18.44,15.26,1.208,1,5.44,29.9,3.39,17496.0
HOSP100740,SC,4049,14.03,18.49,0.759,0,5.0,22.3,2.89,20992.0
HOSP100741,LA,4623,11.38,17.8,0.7,0,5.79,28.1,4.84,13481.0
HOSP100742,FL,3096,18.12,21.23,0.854,0,7.32,35.3,3.52,9993.0
HOSP100743,NC,676,18.79,15.18,1.238,1,4.53,18.9,3.27,20236.0
HOSP100744,IA,3374,18.65,14.45,1.291,1,3.88,22.4,3.4,9837.0
HOSP100745,IN,2403,16.63,18.64,0.892,0,4.31,21.4,3.22,9711.0
HOSP100746,IN,3494,13.1,16.46,0.796,0,4.94,30.3,3.2,20153.0
HOSP100747,IA,4115,23.31,18.7,1.247,1,5.27,36.7,2.56,17912.0
HOSP100748,WI,2025,17.44,17.29,1.009,1,5.33,13.9,3.28,16051.0
HOSP100749,TN,1913,15.48,10.23,1.513,1,7.18,28.7,3.65,14340.0
HOSP100750,LA,670,15.49,16.44,0.942,0,6.99,21.5,3.75,13735.0
HOSP100751,MN,1166,16.45,16.28,1.01,1,6.63,35.0,3.65,12417.0
HOSP100752,WA,266,19.21,15.83,1.214,1,7.97,26.3,4.16,13594.0
HOSP100753,OR,2583,16.57,15.17,1.092,1,6.11,28.9,3.81,14348.0
HOSP100754,MD,733,18.58,11.52,1.6,1,6.42,28.0,3.37,10102.0
HOSP100755,IN,544,16.45,17.69,0.93,0,6.09,35.9,1.77,11875.0
HOSP100756,NY,3938,15.66,16.43,0.953,0,5.9,42.3,1.77,7742.0
HOSP100757,VA,2918,17.92,18.25,0.982,0,5.63,20.1,2.58,14749.0
HOSP100758,CT,4317,17.81,11.65,1.529,1,4.76,21.3,2.84,14750.0
HOSP100759,NC,4010,15.49,16.77,0.924,0,3.83,30.3,4.06,20191.0
HOSP100760,MD,423,13.75,14.91,0.922,0,5.06,22.3,0.3,15702.0
HOSP100761,VA,2163,17.03,15.86,1.074,1,5.82,34.5,1.87,12721.0
HOSP100762,NC,4583,16.24,14.94,1.087,1,5.28,35.7,2.63,13859.0
HOSP100763,OH,1539,14.34,16.86,0.851,0,4.03,24.2,1.9,16058.0
HOSP100764,OK,3716,13.47,15.09,0.893,0,5.02,22.7,2.08,15228.0
HOSP100765,AZ,4852,17.23,12.87,1.339,1,4.96,26.1,2.35,16351.0
HOSP100766,WI,315,17.65,15.72,1.123,1,5.13,28.7,1.95,15707.0
HOSP100767,MD,1717,14.92,14.96,0.997,0,5.74,30.2,2.1,13692.0
HOSP100768,KY,878,14.26,15.29,0.933,0,5.98,12.2,4.03,12785.0
HOSP100769,MA,2193,13.51,7.53,1.6,1,4.65,21.2,3.35,12613.0
HOSP100770,TN,4347,17.15,17.21,0.997,0,6.28,25.2,3.49,11539.0
HOSP100771,CO,3646,13.59,14.71,0.924,0,6.44,22.4,2.77,11037.0
HOSP100772,PA,928,22.72,12.13,1.6,1,5.55,7.9,3.71,20383.0
HOSP100773,FL,363,14.77,17.81,0.829,0,5.93,14.8,3.56,14899.0
HOSP100774,VA,3912,8.72,17.09,0.7,0,6.28,18.9,3.34,14003.0
HOSP100775,LA,1726,15.91,14.68,1.084,1,3.99,27.2,2.21,12913.0
HOSP100776,WI,2598,15.78,12.62,1.25,1,6.36,24.9,2.4,15872.0
HOSP100777,OR,3086,19.34,15.95,1.213,1,4.33,23.6,3.75,18352.0
HOSP100778,CO,3267,16.86,15.81,1.066,1,4.44,33.6,2.33,16814.0
HOSP100779,NY,741,13.5,17.81,0.758,0,5.42,33.6,1.64,17449.0
HOSP100780,CO,2870,15.14,14.39,1.052,1,2.84,29.0,2.32,12623.0
HOSP100781,SC,863,16.98,18.49,0.918,0,5.39,28.8,4.2,14487.0
HOSP100782,TN,1085,9.51,14.15,0.7,0,6.28,22.0,2.32,12665.0
HOSP100783,LA,4487,20.02,12.14,1.6,1,3.39,22.8,3.09,14843.0
HOSP100784,OH,151,13.51,12.67,1.066,1,6.4,16.0,2.25,18572.0
HOSP100785,WA,2998,20.25,15.34,1.32,1,4.43,26.2,3.49,15906.0
HOSP100786,CO,4194,17.18,15.34,1.12,1,5.43,33.5,3.28,19705.0
HOSP100787,MI,2099,17.89,16.32,1.096,1,4.59,37.5,1.46,13577.0
HOSP100788,KY,1067,19.45,15.27,1.274,1,5.83,26.3,3.04,11918.0
HOSP100789,OH,3324,17.72,17.94,0.988,0,6.33,31.4,1.29,16139.0
HOSP100790,AZ,2391,18.02,14.85,1.213,1,5.91,8.0,2.3,14880.0
HOSP100791,KY,239,15.51,10.51,1.476,1,5.2,25.0,2.79,15533.0
HOSP100792,PA,1859,17.12,15.2,1.126,1,4.68,24.8,4.46,15054.0
HOSP100793,FL,2319,14.24,10.48,1.359,1,5.12,38.4,3.09,12950.0
HOSP100794,SC,4388,14.97,16.18,0.925,0,5.92,30.8,2.11,15126.0
HOSP100795,CT,3191,21.89,18.14,1.207,1,5.96,31.5,2.51,17615.0
HOSP100796,NJ,255,13.58,13.03,1.042,1,5.81,31.1,3.63,17944.0
HOSP100797,NJ,1036,16.46,19.05,0.864,0,3.79,28.3,2.12,12934.0
HOSP100798,MO,577,16.34,17.61,0.928,0,5.17,38.7,3.79,15239.0
HOSP100799,MA,2045,15.07,18.52,0.814,0,4.5,11.9,2.33,19227.0
HOSP100800,VA,466,17.54,15.97,1.098,1,5.93,29.0,1.98,13003.0
HOSP100801,NC,784,17.77,13.02,1.365,1,4.36,35.9,2.36,12422.0
HOSP100802,MI,2075,13.22,17.45,0.758,0,5.7,14.8,1.35,17042.0
HOSP100803,KY,2206,16.3,13.94,1.169,1,4.89,33.9,0.84,16481.0
HOSP100804,VA,3294,12.75,15.79,0.807,0,3.13,22.7,2.73,11822.0
HOSP100805,IN,2420,18.37,15.07,1.219,1,6.22,28.8,2.74,10022.0
HOSP100806,CT,1589,16.53,18.31,0.903,0,5.17,22.5,3.03,15177.0
HOSP100807,IL,702,16.25,17.33,0.938,0,6.6,34.7,2.72,13160.0
HOSP100808,OH,865,17.98,15.3,1.175,1,3.37,26.0,4.9,9111.0
HOSP100809,AZ,4061,15.17,10.62,1.428,1,4.88,33.9,2.95,12301.0
HOSP100810,WA,1863,18.74,13.91,1.347,1,4.96,31.0,1.56,16428.0
HOSP100811,GA,3539,13.15,17.26,0.762,0,5.5,22.4,1.79,14015.0
HOSP100812,MI,1257,20.24,16.2,1.249,1,3.74,31.5,2.8,19512.0
HOSP100813,NC,4356,14.35,11.74,1.222,1,5.8,23.4,2.41,7821.0
HOSP100814,MO,400,10.91,10.98,0.994,0,7.3,28.4,1.69,18782.0
HOSP100815,OR,2580,15.01,15.99,0.939,0,5.72,25.9,2.75,13400.0
HOSP100816,KY,2204,14.67,12.86,1.141,1,5.3,34.3,2.76,12937.0
HOSP100817,TX,608,14.99,13.1,1.144,1,3.68,31.8,4.24,9536.0
HOSP100818,PA,357,16.69,17.18,0.971,0,4.35,27.8,1.98,15988.0
HOSP100819,CT,1049,19.29,18.51,1.042,1,5.14,23.2,2.42,8654.0
HOSP100820,PA,3611,15.42,13.62,1.132,1,4.62,19.1,4.23,17117.0
HOSP100821,IL,3535,13.93,15.39,0.905,0,6.33,28.9,3.1,9657.0
HOSP100822,MD,171,12.62,15.31,0.824,0,5.79,23.6,1.97,10162.0
HOSP100823,GA,559,14.6,15.09,0.968,0,8.16,14.9,2.16,10688.0
HOSP100824,TN,1044,10.34,15.6,0.7,0,4.12,18.7,1.71,12209.0
HOSP100825,WA,664,13.82,17.39,0.795,0,5.24,39.4,2.87,17515.0
HOSP100826,CA,4259,19.73,13.82,1.428,1,3.68,23.4,3.73,19313.0
HOSP100827,MN,2284,13.53,11.69,1.157,1,2.76,35.6,4.27,12540.0
HOSP100828,WI,3745,17.89,19.73,0.907,0,5.99,25.5,1.46,14351.0
HOSP100829,IN,3106,12.32,18.22,0.7,0,5.75,36.7,3.58,16068.0
HOSP100830,OH,1710,21.31,12.74,1.6,1,4.26,36.2,2.95,13446.0
HOSP100831,LA,1416,21.51,15.84,1.358,1,5.3,22.2,2.56,15942.0
HOSP100832,WA,2319,17.77,18.03,0.986,0,4.51,14.1,2.42,14487.0
HOSP100833,NY,3788,21.97,17.37,1.265,1,4.66,14.7,1.07,13689.0
HOSP100834,NY,899,17.07,16.66,1.025,1,4.85,22.3,3.37,9957.0
HOSP100835,IL,3577,18.31,15.07,1.215,1,4.21,41.2,1.61,14977.0
HOSP100836,OK,4930,19.79,19.82,0.998,0,4.41,25.1,2.13,17567.0
HOSP100837,MD,2077,16.54,16.05,1.031,1,4.44,29.0,3.18,12010.0
HOSP100838,CT,3954,11.34,14.21,0.798,0,5.67,37.1,1.17,8202.0
HOSP100839,VA,3852,18.37,17.68,1.039,1,2.15,28.8,1.61,13477.0
HOSP100840,MN,2506,14.58,15.74,0.926,0,4.95,28.5,3.9,19331.0
HOSP100841,OH,4940,14.81,16.37,0.905,0,4.0,32.4,2.91,18378.0
HOSP100842,OR,2485,16.89,16.01,1.055,1,4.04,30.0,2.2,12643.0
HOSP100843,MI,456,17.7,16.74,1.057,1,4.62,27.3,2.91,15958.0
HOSP100844,KY,3815,16.45,13.05,1.261,1,5.18,22.9,3.4,16463.0
HOSP100845,MD,2139,17.91,11.87,1.509,1,4.96,28.5,3.81,19269.0
HOSP100846,OH,811,13.88,19.09,0.727,0,4.03,35.7,1.8,9538.0
HOSP100847,IA,4794,15.87,16.12,0.984,0,5.99,40.5,1.88,11080.0
HOSP100848,FL,461,18.55,17.43,1.064,1,4.21,30.0,3.35,8069.0
HOSP100849,WA,3070,21.32,11.1,1.6,1,4.39,33.3,3.38,12329.0
HOSP100850,WA,1232,22.38,18.17,1.232,1,5.51,29.9,1.59,17912.0
HOSP100851,MO,3121,17.3,14.2,1.218,1,5.55,27.4,1.91,12709.0
HOSP100852,OK,904,18.52,13.48,1.374,1,4.53,31.6,2.63,10314.0
HOSP100853,IA,4280,21.94,15.34,1.43,1,1.97,36.3,2.82,15225.0
HOSP100854,KY,4690,13.99,13.06,1.071,1,4.23,21.8,2.85,15308.0
HOSP100855,WI,502,17.89,15.5,1.154,1,5.38,17.8,1.58,11245.0
HOSP100856,OK,1052,18.31,15.16,1.208,1,5.96,24.3,2.84,12881.0
HOSP100857,GA,4038,20.34,18.15,1.121,1,5.11,29.5,2.15,14982.0
HOSP100858,CT,308,12.59,19.28,0.7,0,4.67,34.1,1.75,16887.0
HOSP100859,NC,2127,13.18,19.2,0.7,0,7.72,21.1,2.79,12424.0
HOSP100860,OH,1106,16.06,9.84,1.6,1,4.79,10.6,2.7,11962.0
HOSP100861,CA,2221,17.13,13.16,1.302,1,5.87,24.4,3.52,20620.0
HOSP100862,FL,553,19.37,9.81,1.6,1,3.73,26.6,2.03,13623.0
HOSP100863,WA,4761,17.55,12.52,1.402,1,4.0,19.9,3.01,15298.0
HOSP100864,OK,2929,15.55,13.88,1.12,1,5.91,22.7,1.39,16575.0
HOSP100865,IA,1537,17.25,16.53,1.044,1,6.35,34.1,2.55,8782.0
HOSP100866,LA,3603,16.9,14.2,1.19,1,4.77,28.5,3.22,14441.0
HOSP100867,OK,1105,21.24,14.27,1.488,1,3.17,30.4,3.29,9234.0
HOSP100868,IN,1862,16.5,15.95,1.034,1,5.02,25.5,3.3,14082.0
HOSP100869,LA,4853,14.85,11.23,1.322,1,5.41,22.7,3.52,18894.0
HOSP100870,AL,1423,17.35,13.4,1.295,1,5.31,25.5,2.4,11305.0
HOSP100871,CA,3961,16.6,14.24,1.166,1,4.58,31.5,3.25,9167.0
HOSP100872,IL,2775,11.29,14.99,0.753,0,5.03,17.6,4.48,20541.0
HOSP100873,CO,2532,15.95,15.69,1.017,1,4.38,39.6,2.38,10829.0
HOSP100874,IL,1591,15.7,19.25,0.816,0,3.98,32.0,4.04,9705.0
HOSP100875,KY,3129,14.37,17.77,0.809,0,6.03,24.2,3.59,19681.0
HOSP100876,VA,1947,19.11,13.58,1.407,1,5.31,33.7,2.56,10703.0
HOSP100877,WA,4540,13.64,14.85,0.919,0,5.03,36.6,2.64,19764.0
HOSP100878,WA,4159,17.37,14.68,1.183,1,4.64,25.7,2.91,15377.0
HOSP100879,CT,1544,15.56,14.21,1.095,1,5.0,26.5,3.54,18609.0
HOSP100880,MA,4431,16.32,16.18,1.009,1,5.38,38.5,3.16,15095.0
HOSP100881,CO,1419,17.24,10.85,1.589,1,7.1,42.8,2.37,17955.0
HOSP100882,TN,4882,12.08,17.7,0.7,0,5.92,28.2,0.93,11561.0
HOSP100883,MN,3864,16.57,19.73,0.84,0,4.47,19.9,3.4,12536.0
HOSP100884,CO,679,22.87,14.83,1.542,1,4.48,24.7,1.06,7730.0
HOSP100885,NJ,3773,11.33,14.78,0.767,0,4.31,35.2,1.57,17610.0
HOSP100886,OK,3108,15.83,15.89,0.996,0,4.98,20.8,2.44,15843.0
HOSP100887,PA,3064,19.37,18.05,1.073,1,4.31,26.5,1.71,11277.0
HOSP100888,NY,3741,16.9,14.69,1.15,1,5.72,30.0,3.09,8904.0
HOSP100889,FL,2297,18.06,17.83,1.013,1,2.29,21.5,2.53,15402.0
HOSP100890,MD,4723,8.87,16.72,0.7,0,5.79,35.7,3.51,19863.0
HOSP100891,WI,3519,17.79,21.4,0.831,0,5.5,32.9,1.35,14059.0
HOSP100892,LA,1089,13.71,14.68,0.934,0,6.59,42.1,2.2,12393.0
HOSP100893,MO,675,16.93,10.56,1.6,1,6.16,33.5,2.8,11501.0
HOSP100894,MA,151,15.91,11.92,1.335,1,4.45,21.3,2.84,18498.0
HOSP100895,NC,524,22.83,15.53,1.47,1,6.04,31.7,3.42,12006.0
HOSP100896,IN,2490,17.64,18.07,0.976,0,5.02,34.9,1.98,13312.0
HOSP100897,AZ,4155,15.66,13.87,1.129,1,3.07,35.3,2.38,17834.0
HOSP100898,MA,3202,11.47,14.92,0.769,0,5.37,22.6,3.26,16540.0
HOSP100899,CA,4798,16.36,17.21,0.951,0,4.51,21.7,0.82,13435.0
HOSP100900,CO,2515,18.47,13.09,1.411,1,5.2,20.0,3.15,12263.0
HOSP100901,MN,1675,15.76,13.97,1.128,1,7.02,39.2,3.49,19190.0
HOSP100902,MN,4626,14.48,12.58,1.151,1,5.45,32.4,1.6,10928.0
HOSP100903,FL,1796,14.28,18.45,0.774,0,4.08,22.3,2.52,13827.0
HOSP100904,TN,163,17.61,19.35,0.91,0,6.26,28.9,4.14,9681.0
HOSP100905,SC,4749,18.28,11.55,1.583,1,5.6,27.1,3.39,18304.0
HOSP100906,LA,2428,20.08,15.14,1.326,1,3.95,21.2,3.2,12980.0
HOSP100907,NJ,3305,13.02,19.02,0.7,0,3.43,28.3,3.69,12261.0
HOSP100908,VA,279,17.58,16.5,1.065,1,4.12,29.3,4.42,16617.0
HOSP100909,MI,3964,15.63,14.28,1.095,1,6.12,41.5,2.82,9938.0
HOSP100910,TN,3366,15.72,11.63,1.352,1,4.87,23.4,2.43,16533.0
HOSP100911,GA,3088,17.21,18.38,0.936,0,5.29,16.0,3.69,13346.0
HOSP100912,IL,4078,17.22,16.4,1.05,1,3.73,20.7,2.63,10643.0
HOSP100913,VA,2190,17.59,11.82,1.488,1,6.15,21.8,1.96,11331.0
HOSP100914,AL,177,12.83,18.47,0.7,0,2.98,25.0,2.31,12311.0
HOSP100915,OK,2263,13.75,11.5,1.196,1,4.48,20.7,3.08,13079.0
HOSP100916,CO,1402,20.46,14.95,1.369,1,5.66,33.8,2.4,10665.0
HOSP100917,GA,4506,15.34,14.84,1.034,1,3.97,20.2,2.46,15442.0
HOSP100918,KY,2196,16.92,19.55,0.865,0,5.88,28.1,1.88,10581.0
HOSP100919,OK,4705,19.16,14.85,1.29,1,4.24,42.0,4.09,6932.0
HOSP100920,NY,4173,17.39,14.84,1.172,1,3.85,31.9,2.49,20643.0
HOSP100921,KY,4546,17.64,12.09,1.459,1,6.62,31.2,2.16,15133.0
HOSP100922,GA,3524,18.68,13.9,1.344,1,5.37,41.0,2.26,20930.0
HOSP100923,KY,3616,9.65,13.46,0.717,0,5.77,36.7,3.52,11160.0
HOSP100924,OK,3231,14.53,13.59,1.069,1,6.32,32.0,3.32,16035.0
HOSP100925,MO,3928,17.41,15.52,1.122,1,2.32,25.8,2.35,17363.0
HOSP100926,OK,779,20.16,9.41,1.6,1,5.9,27.8,2.83,13894.0
HOSP100927,OK,419,16.2,11.72,1.382,1,4.36,27.5,3.05,9878.0
HOSP100928,PA,2789,13.47,15.22,0.885,0,4.51,25.2,2.17,13654.0
HOSP100929,NC,2143,13.55,15.8,0.858,0,5.68,29.5,1.41,16504.0
HOSP100930,NY,3041,18.65,14.92,1.25,1,4.8,30.5,3.26,16382.0
HOSP100931,OR,3582,15.35,15.4,0.997,0,5.85,19.3,2.22,14495.0
HOSP100932,MN,1430,15.98,14.48,1.104,1,5.16,39.4,3.2,17371.0
HOSP100933,IN,2510,17.85,15.45,1.155,1,5.39,30.9,3.09,17220.0
HOSP100934,NC,725,7.3,16.59,0.7,0,4.66,26.2,2.85,12824.0
HOSP100935,CA,1457,22.0,16.57,1.328,1,4.03,29.5,2.42,9635.0
HOSP100936,CO,3342,13.81,13.78,1.002,1,4.39,34.5,2.23,15109.0
HOSP100937,WI,3328,16.73,17.79,0.94,0,5.09,17.7,1.78,12111.0
HOSP100938,WA,2884,10.89,15.89,0.7,0,7.22,27.3,2.25,14960.0
HOSP100939,OK,2362,14.73,18.58,0.793,0,6.82,19.7,3.31,18806.0
HOSP100940,TN,2502,19.73,19.08,1.034,1,4.48,46.6,4.06,15900.0
HOSP100941,CT,3718,10.25,11.89,0.862,0,5.27,29.0,3.93,18648.0
HOSP100942,WA,1805,19.38,13.35,1.452,1,4.88,19.8,2.93,11263.0
HOSP100943,AZ,1729,15.18,17.53,0.866,0,5.34,53.2,4.06,17980.0
HOSP100944,FL,2353,17.46,11.34,1.54,1,5.48,24.2,2.52,19865.0
HOSP100945,CT,1540,17.97,19.05,0.943,0,5.78,26.5,1.64,14706.0
HOSP100946,IL,1892,17.32,14.64,1.183,1,2.01,27.0,4.53,21931.0
HOSP100947,MO,2075,13.41,16.94,0.792,0,5.6,22.1,3.28,11756.0
HOSP100948,MD,769,14.91,15.21,0.98,0,4.76,29.7,1.42,12456.0
HOSP100949,PA,1424,11.62,12.02,0.967,0,4.42,12.5,4.2,16580.0
HOSP100950,MA,1106,17.48,18.14,0.964,0,6.07,35.6,2.13,14674.0
HOSP100951,LA,2089,21.11,22.38,0.943,0,6.81,20.1,2.33,12123.0
HOSP100952,TX,4103,10.53,14.21,0.741,0,5.96,25.1,3.72,16481.0
HOSP100953,MI,2531,13.72,14.69,0.934,0,4.63,33.3,4.03,15638.0
HOSP100954,AL,1118,15.45,8.88,1.6,1,4.02,26.6,1.9,12624.0
HOSP100955,IA,1466,16.52,18.88,0.875,0,1.89,26.9,4.12,15105.0
HOSP100956,MO,1193,18.64,17.78,1.048,1,5.4,20.9,3.59,16929.0
HOSP100957,OR,431,15.54,11.17,1.391,1,5.84,42.7,2.08,12553.0
HOSP100958,WA,2994,15.05,10.34,1.456,1,5.09,31.7,2.58,16154.0
HOSP100959,PA,1208,19.31,10.63,1.6,1,6.23,20.4,4.16,11725.0
HOSP100960,SC,4443,17.99,17.11,1.051,1,3.75,29.2,1.4,12344.0
HOSP100961,AL,2682,17.62,17.36,1.015,1,5.01,19.9,4.04,18057.0
HOSP100962,CA,3978,16.34,13.19,1.239,1,4.92,40.1,3.56,16464.0
HOSP100963,MN,1158,18.95,16.75,1.131,1,5.08,29.4,3.26,8462.0
HOSP100964,CA,1379,14.03,15.9,0.882,0,6.48,21.2,2.92,13302.0
HOSP100965,MO,1185,13.62,14.58,0.934,0,5.08,32.9,4.57,16067.0
HOSP100966,MA,4735,18.24,17.93,1.017,1,4.88,26.1,4.71,14944.0
HOSP100967,IN,425,11.12,12.49,0.89,0,4.17,19.0,2.25,16478.0
HOSP100968,NJ,2890,16.28,18.37,0.886,0,6.66,30.7,3.35,14871.0
HOSP100969,CO,2439,15.05,13.68,1.1,1,3.63,30.5,4.49,14076.0
HOSP100970,KY,1389,11.78,19.95,0.7,0,4.59,36.0,2.09,13978.0
HOSP100971,LA,275,13.21,12.99,1.017,1,7.06,28.5,3.02,17992.0
HOSP100972,MN,4215,15.67,14.62,1.072,1,5.72,28.7,3.7,16724.0
HOSP100973,OR,4462,19.1,15.65,1.22,1,5.18,29.1,0.99,15795.0
HOSP100974,OR,4018,14.04,15.63,0.898,0,5.22,39.2,3.55,14784.0
HOSP100975,IN,1358,19.64,16.73,1.174,1,4.16,25.8,1.82,12744.0
HOSP100976,WA,3399,16.19,12.29,1.317,1,5.12,31.3,2.97,13518.0
HOSP100977,CA,1068,19.93,15.41,1.293,1,4.82,32.3,3.83,17907.0
HOSP100978,TX,4073,14.19,15.85,0.895,0,5.4,30.4,0.65,17606.0
HOSP100979,NC,4553,15.85,14.18,1.118,1,3.54,25.6,3.51,12425.0
HOSP100980,FL,2119,17.11,16.51,1.036,1,5.64,28.8,4.63,14820.0
HOSP100981,CA,2943,15.46,12.13,1.275,1,6.32,27.3,2.32,16095.0
HOSP100982,CO,1041,18.86,14.68,1.285,1,4.98,41.7,3.32,15886.0
HOSP100983,TN,4620,9.38,13.62,0.7,0,5.91,24.8,4.0,15862.0
HOSP100984,SC,2183,23.27,14.69,1.584,1,5.54,21.6,1.37,10941.0
HOSP100985,IL,1514,18.57,19.12,0.971,0,4.53,28.0,3.48,10751.0
HOSP100986,OK,278,15.48,19.17,0.808,0,4.04,27.5,3.72,18245.0
HOSP100987,IN,1164,14.34,18.68,0.768,0,4.19,29.4,3.37,19329.0
HOSP100988,PA,1949,13.4,14.34,0.934,0,5.52,24.8,2.88,9759.0
HOSP100989,PA,4762,17.94,17.77,1.01,1,5.14,28.8,1.9,14411.0
HOSP100990,IL,1668,18.98,15.78,1.203,1,6.6,28.9,4.05,17105.0
HOSP100991,FL,4331,15.51,15.61,0.994,0,6.07,34.3,2.83,7448.0
HOSP100992,CO,1348,19.32,15.31,1.262,1,6.07,28.7,1.99,11065.0
HOSP100993,SC,4023,13.28,19.9,0.7,0,5.49,28.7,2.51,14205.0
HOSP100994,PA,2624,12.75,18.91,0.7,0,4.14,31.6,3.13,12589.0
HOSP100995,CO,3635,21.44,17.36,1.235,1,5.56,34.1,1.39,15169.0
HOSP100996,PA,4199,17.77,15.07,1.179,1,5.27,21.1,2.82,19206.0
HOSP100997,MI,3869,20.19,15.6,1.294,1,3.95,19.2,2.42,11771.0
HOSP100998,MI,452,13.44,16.83,0.799,0,6.53,39.9,4.0,14661.0
HOSP100999,MD,4102,13.23,14.2,0.932,0,6.41,32.9,1.11,13397.0
HOSP101000,IN,4833,14.92,17.85,0.836,0,3.94,26.5,3.64,14936.0
HOSP101001,CO,1136,13.53,13.2,1.025,1,4.5,28.1,4.08,14519.0
HOSP101002,AZ,2013,18.12,16.48,1.1,1,4.6,25.3,1.15,22939.0
HOSP101003,NC,4590,13.75,9.78,1.406,1,5.87,29.5,1.25,19267.0
HOSP101004,AZ,3222,12.48,14.12,0.884,0,5.74,21.2,4.41,9441.0
HOSP101005,CA,3274,16.43,20.69,0.794,0,5.25,33.9,1.99,11620.0
HOSP101006,MD,1477,12.13,18.09,0.7,0,5.5,29.2,5.59,12011.0
HOSP101007,WA,2558,10.6,19.34,0.7,0,3.78,29.5,1.17,10550.0
HOSP101008,WA,3823,16.4,13.83,1.186,1,5.62,21.7,2.95,10121.0
HOSP101009,NY,3441,10.75,15.76,0.7,0,5.09,31.7,2.78,13929.0
HOSP101010,IA,4183,18.33,18.7,0.98,0,4.45,21.9,2.61,12133.0
HOSP101011,CA,853,11.81,17.08,0.7,0,3.51,23.2,3.22,11649.0
HOSP101012,IN,724,9.28,16.77,0.7,0,5.23,28.6,3.27,20966.0
HOSP101013,GA,3382,15.12,19.58,0.772,0,5.59,45.6,2.65,12353.0
HOSP101014,TX,4933,16.43,12.9,1.274,1,3.33,29.2,1.89,13082.0
HOSP101015,OK,2782,17.47,15.04,1.162,1,5.22,10.0,3.74,16873.0
HOSP101016,GA,3978,16.52,11.11,1.487,1,5.33,23.5,3.37,13071.0
HOSP101017,OH,3380,12.82,12.76,1.005,1,4.59,32.8,2.9,10770.0
HOSP101018,KY,638,18.14,18.19,0.997,0,5.62,20.1,3.34,13675.0
HOSP101019,KY,1497,18.88,13.21,1.429,1,5.05,33.8,3.49,20928.0
HOSP101020,TX,3831,12.38,17.34,0.714,0,5.51,29.1,2.11,12959.0
HOSP101021,MN,3323,15.46,19.65,0.787,0,5.79,34.9,3.3,11582.0
HOSP101022,MN,4739,15.18,15.06,1.008,1,5.79,24.1,2.3,15845.0
HOSP101023,FL,1817,16.66,16.8,0.992,0,6.32,23.5,3.52,13521.0
HOSP101024,OR,1787,15.39,17.36,0.887,0,5.57,32.0,2.63,23265.0
HOSP101025,MO,4264,15.8,12.45,1.269,1,4.68,27.9,3.35,11982.0
HOSP101026,VA,3703,17.93,13.96,1.284,1,4.49,27.5,2.41,20048.0
HOSP101027,CA,1150,12.66,12.99,0.975,0,4.03,39.0,3.4,18223.0
HOSP101028,MN,1000,18.21,14.16,1.286,1,5.37,32.2,1.92,13280.0
HOSP101029,VA,1538,19.42,17.29,1.123,1,6.65,14.1,2.83,14489.0
HOSP101030,PA,3862,20.9,14.01,1.492,1,4.81,33.6,3.68,11204.0
HOSP101031,IA,1517,9.57,15.41,0.7,0,5.69,32.9,3.22,12777.0
HOSP101032,IA,971,15.45,12.89,1.199,1,4.37,36.3,2.97,13257.0
HOSP101033,OR,604,10.1,18.57,0.7,0,5.41,21.4,4.42,15005.0
HOSP101034,LA,1774,8.69,14.14,0.7,0,6.59,30.3,3.72,9979.0
HOSP101035,IN,2922,16.43,19.31,0.851,0,5.95,28.8,3.57,15497.0
HOSP101036,TN,3876,14.8,15.65,0.946,0,3.47,21.3,3.39,14033.0
HOSP101037,MA,3297,16.9,11.98,1.411,1,5.83,34.6,3.5,15774.0
HOSP101038,SC,4239,17.46,15.07,1.159,1,5.88,26.3,4.29,16251.0
HOSP101039,MA,4956,19.74,12.84,1.537,1,5.39,36.1,2.42,13777.0
HOSP101040,PA,2340,16.16,16.97,0.952,0,5.93,22.8,3.71,16062.0
HOSP101041,CO,1066,24.77,14.85,1.6,1,4.28,17.8,3.12,14221.0
HOSP101042,AZ,4136,16.92,15.91,1.063,1,5.27,26.3,2.46,16879.0
HOSP101043,TX,3025,21.53,14.58,1.477,1,6.42,29.6,2.71,15512.0
HOSP101044,NJ,1590,9.0,14.11,0.7,0,6.32,24.3,3.0,15079.0
HOSP101045,MD,4550,20.05,13.07,1.534,1,5.8,6.5,2.03,14172.0
HOSP101046,OH,885,15.46,17.59,0.879,0,4.23,30.7,3.58,18647.0
HOSP101047,IL,3718,10.15,15.07,0.7,0,4.06,30.7,2.71,15797.0
HOSP101048,OK,3488,17.26,14.71,1.173,1,5.33,32.8,2.88,10271.0
HOSP101049,TX,3165,15.09,15.0,1.006,1,5.4,25.3,4.02,12990.0
HOSP101050,IL,3039,17.74,13.8,1.286,1,5.09,25.0,2.92,13769.0
HOSP101051,MO,1111,19.03,14.72,1.293,1,4.31,38.1,4.2,14496.0
HOSP101052,TX,3139,11.53,16.01,0.72,0,5.68,17.0,2.33,15065.0
HOSP101053,MO,3998,19.04,12.91,1.475,1,5.32,26.3,1.81,11479.0
HOSP101054,IA,1176,16.02,13.28,1.206,1,5.52,29.0,2.54,14282.0
HOSP101055,MA,4015,20.06,18.95,1.059,1,5.85,32.2,0.27,13495.0
HOSP101056,OR,3013,15.38,14.59,1.054,1,4.9,29.2,3.62,17971.0
HOSP101057,MD,2651,14.59,14.12,1.033,1,4.66,21.5,1.86,11316.0
HOSP101058,TX,2097,16.08,12.14,1.325,1,6.42,36.2,2.24,14444.0
HOSP101059,WI,1327,16.31,17.63,0.925,0,4.37,28.0,3.44,12307.0
HOSP101060,LA,4910,14.01,12.86,1.089,1,4.68,16.3,2.91,20462.0
HOSP101061,IL,161,14.51,15.46,0.939,0,6.56,29.5,2.4,18521.0
HOSP101062,CA,4549,12.32,11.23,1.097,1,4.6,31.3,0.97,9244.0
HOSP101063,AL,3514,14.7,17.55,0.838,0,5.09,41.7,3.97,11952.0
HOSP101064,MA,3172,18.03,18.44,0.978,0,4.75,30.9,3.45,17287.0
HOSP101065,OK,3521,15.59,16.71,0.933,0,3.24,17.6,4.65,15963.0
HOSP101066,IA,2980,19.03,11.66,1.6,1,5.06,17.9,2.26,15863.0
HOSP101067,SC,192,15.44,17.6,0.877,0,4.09,36.8,1.49,15111.0
HOSP101068,MI,1093,11.71,13.43,0.872,0,5.48,22.4,3.7,17544.0
HOSP101069,MD,2540,17.79,12.57,1.415,1,6.42,17.2,2.63,16999.0
HOSP101070,IN,2695,13.98,14.54,0.961,0,2.76,35.0,3.37,13570.0
HOSP101071,PA,2561,15.3,14.49,1.056,1,4.75,24.7,4.26,10662.0
HOSP101072,CT,1154,19.71,14.24,1.384,1,5.7,34.6,3.15,9092.0
HOSP101073,NY,170,12.52,18.68,0.7,0,2.8,21.6,2.95,14168.0
HOSP101074,MI,556,16.49,20.53,0.803,0,6.67,38.3,3.01,8612.0
HOSP101075,AL,1164,15.88,12.08,1.315,1,5.62,34.1,1.33,15303.0
HOSP101076,IN,4581,18.1,13.78,1.313,1,6.39,22.9,3.8,13514.0
HOSP101077,MI,1988,18.57,15.86,1.171,1,4.58,16.4,3.85,20721.0
HOSP101078,IN,3338,16.79,14.53,1.156,1,4.71,44.1,3.28,15598.0
HOSP101079,OK,864,14.92,16.5,0.904,0,5.02,26.5,1.44,14406.0
HOSP101080,WI,4296,17.42,17.79,0.979,0,7.55,22.7,2.69,9328.0
HOSP101081,AL,4004,20.01,17.37,1.152,1,6.65,37.7,4.09,10461.0
HOSP101082,PA,4569,15.92,17.02,0.935,0,5.35,34.6,2.29,16680.0
HOSP101083,TX,290,15.2,19.65,0.774,0,5.48,36.3,3.87,13498.0
HOSP101084,IL,4715,17.16,11.53,1.488,1,5.9,27.3,2.85,22613.0
HOSP101085,CO,1113,16.12,19.2,0.84,0,7.83,41.2,3.44,14234.0
HOSP101086,TX,522,11.99,14.47,0.829,0,5.62,18.8,2.43,15041.0
HOSP101087,WA,3785,16.72,17.46,0.958,0,5.25,24.1,2.88,10286.0
HOSP101088,IA,2691,11.96,12.93,0.925,0,4.83,30.7,3.19,17532.0
HOSP101089,NJ,3760,17.12,13.23,1.294,1,5.46,36.2,1.83,11538.0
HOSP101090,NJ,1842,13.61,17.16,0.793,0,4.55,32.6,3.05,16178.0
HOSP101091,TN,255,16.11,10.68,1.508,1,5.75,27.4,0.38,17098.0
HOSP101092,NJ,1831,17.17,17.97,0.955,0,3.62,24.7,2.26,14805.0
HOSP101093,MD,4247,23.36,18.65,1.253,1,4.91,36.2,3.29,20122.0
HOSP101094,MA,4166,18.23,15.94,1.144,1,6.01,33.4,3.81,12546.0
HOSP101095,LA,2786,20.09,15.85,1.268,1,5.61,21.9,3.23,19862.0
HOSP101096,SC,2287,21.62,13.42,1.6,1,4.69,21.7,1.55,10433.0
HOSP101097,SC,3566,17.47,17.19,1.016,1,4.94,24.2,3.73,17057.0
HOSP101098,TN,4595,16.86,16.37,1.03,1,6.34,23.3,1.77,14044.0
HOSP101099,NJ,3680,12.8,13.2,0.97,0,3.87,35.2,3.35,12234.0
HOSP101100,MN,1436,15.65,14.52,1.078,1,3.87,31.1,1.8,9184.0
HOSP101101,TN,3329,13.83,15.1,0.916,0,4.18,31.9,2.1,13666.0
HOSP101102,GA,3804,14.8,14.52,1.019,1,5.19,29.3,1.94,13464.0
HOSP101103,NY,2509,21.61,12.09,1.6,1,3.71,29.7,2.93,15053.0
HOSP101104,GA,594,16.34,17.25,0.947,0,6.25,16.9,2.62,16819.0
HOSP101105,NY,185,13.37,14.89,0.898,0,4.18,33.6,3.26,11913.0
HOSP101106,AL,1625,20.12,15.54,1.295,1,5.45,24.1,2.78,20126.0
HOSP101107,LA,4107,18.87,14.05,1.343,1,4.56,27.8,1.43,12777.0
HOSP101108,FL,1948,19.02,16.69,1.14,1,5.13,24.7,3.05,16427.0
HOSP101109,FL,1995,9.98,16.0,0.7,0,3.44,29.0,1.21,14789.0
HOSP101110,OR,1558,21.85,18.53,1.179,1,6.3,32.0,2.0,13864.0
HOSP101111,CT,1858,14.32,16.7,0.857,0,4.14,20.9,2.47,14628.0
HOSP101112,MO,3088,18.33,14.99,1.223,1,4.03,29.8,2.41,11491.0
HOSP101113,CT,1450,23.57,13.65,1.6,1,7.82,24.9,1.32,13260.0
HOSP101114,KY,1393,22.47,17.66,1.272,1,5.81,37.3,4.03,10213.0
HOSP101115,MD,4126,13.07,14.79,0.884,0,6.26,20.2,4.28,12742.0
HOSP101116,MD,3247,11.67,15.07,0.774,0,5.7,21.0,4.83,13007.0
HOSP101117,CO,4766,20.29,15.07,1.346,1,4.7,25.5,3.83,17205.0
HOSP101118,PA,159,16.43,14.5,1.133,1,3.76,21.5,2.44,13438.0
HOSP101119,MO,2575,14.5,15.11,0.96,0,4.87,26.4,2.43,13066.0
HOSP101120,OK,1810,17.86,20.32,0.879,0,4.12,24.3,2.38,15204.0
HOSP101121,MI,2781,15.51,12.88,1.204,1,4.19,28.6,4.59,15079.0
HOSP101122,CT,4965,18.1,13.46,1.345,1,3.46,35.1,2.7,12609.0
HOSP101123,MN,1222,16.2,18.96,0.854,0,5.33,28.5,3.94,15762.0
HOSP101124,CO,3375,18.17,14.56,1.248,1,6.93,29.1,3.87,13928.0
HOSP101125,IL,1466,13.32,14.37,0.927,0,5.81,20.6,2.97,12603.0
HOSP101126,CA,4295,20.27,18.09,1.121,1,5.08,27.1,1.49,12914.0
HOSP101127,PA,3833,18.09,11.95,1.514,1,5.16,25.0,2.72,17538.0
HOSP101128,NC,3423,17.94,17.55,1.022,1,1.85,32.8,2.93,13011.0
HOSP101129,VA,295,12.65,15.61,0.81,0,4.73,22.6,3.95,15336.0
HOSP101130,KY,3190,21.1,16.66,1.267,1,3.63,22.0,2.82,10396.0
HOSP101131,AZ,1612,15.96,16.62,0.96,0,5.35,30.2,1.71,18069.0
HOSP101132,TX,4826,18.18,13.93,1.305,1,4.91,41.9,3.69,12634.0
HOSP101133,IN,1734,15.03,18.13,0.829,0,4.24,26.8,2.6,15781.0
HOSP101134,AZ,632,16.78,14.12,1.188,1,5.32,29.2,0.51,13695.0
HOSP101135,KY,3329,16.89,16.52,1.022,1,5.31,34.6,3.09,15744.0
HOSP101136,WA,1399,7.54,18.59,0.7,0,6.87,31.6,3.25,15919.0
HOSP101137,OR,4918,17.75,18.95,0.937,0,5.96,31.6,2.04,14037.0
HOSP101138,NC,780,21.9,14.83,1.477,1,5.44,27.3,2.63,8529.0
HOSP101139,KY,811,17.62,16.66,1.058,1,4.16,27.5,3.39,17991.0
HOSP101140,LA,3653,13.13,14.6,0.899,0,4.02,22.7,3.1,14052.0
HOSP101141,MA,3002,17.95,21.76,0.825,0,5.86,31.4,1.39,15678.0
HOSP101142,LA,2616,19.18,17.45,1.099,1,4.98,31.2,3.93,16713.0
HOSP101143,MN,1137,17.54,15.71,1.116,1,5.47,33.0,4.34,13037.0
HOSP101144,MA,1696,15.78,16.28,0.969,0,6.28,24.6,2.34,16155.0
HOSP101145,AL,799,15.27,16.52,0.924,0,3.54,33.8,1.08,12108.0
HOSP101146,IA,1118,15.26,16.59,0.92,0,6.74,35.9,3.49,15740.0
HOSP101147,NJ,2787,18.09,14.9,1.214,1,6.27,19.5,2.19,14563.0
HOSP101148,TN,1250,11.78,14.51,0.812,0,2.94,25.9,3.28,13148.0
HOSP101149,CT,590,14.88,15.12,0.984,0,7.79,36.2,4.78,14650.0
HOSP101150,IN,919,20.79,12.65,1.6,1,5.55,23.5,1.41,11123.0
HOSP101151,KY,1493,20.9,17.3,1.208,1,4.67,31.7,2.08,15489.0
HOSP101152,NY,4508,11.57,13.5,0.857,0,5.77,28.1,2.62,15821.0
HOSP101153,CA,3879,12.61,12.85,0.981,0,4.12,30.3,3.96,15606.0
HOSP101154,GA,4056,15.19,15.46,0.983,0,5.8,28.3,6.0,19307.0
HOSP101155,IN,1727,18.68,15.17,1.231,1,4.33,33.2,3.02,14196.0
HOSP101156,FL,4158,10.52,16.12,0.7,0,7.42,20.8,1.33,14416.0
HOSP101157,CT,3501,15.84,14.08,1.125,1,5.27,21.6,2.49,10755.0
HOSP101158,WI,4945,14.58,14.52,1.004,1,5.91,38.3,2.1,19532.0
HOSP101159,MA,2499,19.98,17.23,1.16,1,4.34,42.7,3.45,9706.0
HOSP101160,MA,3752,10.97,17.08,0.7,0,6.1,28.0,3.14,15231.0
HOSP101161,AL,1391,16.28,16.97,0.959,0,5.19,40.0,1.86,12533.0
HOSP101162,MN,1275,14.82,15.58,0.951,0,3.65,22.6,2.05,14699.0
HOSP101163,AZ,2751,20.41,15.92,1.282,1,4.94,24.3,2.48,10314.0
HOSP101164,KY,1340,17.79,16.08,1.106,1,7.32,38.2,2.58,17353.0
HOSP101165,OK,4281,14.24,13.86,1.027,1,6.14,33.6,2.76,11443.0
HOSP101166,SC,4989,18.56,19.19,0.967,0,4.78,39.2,2.84,18232.0
HOSP101167,AZ,4598,14.83,18.83,0.788,0,3.14,31.3,3.91,11532.0
HOSP101168,AL,222,19.0,17.49,1.086,1,4.28,20.9,2.44,17621.0
HOSP101169,TX,2064,15.29,14.44,1.059,1,3.65,29.6,2.31,11841.0
HOSP101170,WA,2622,19.16,16.85,1.137,1,3.17,36.4,1.6,12533.0
HOSP101171,KY,3196,17.31,17.95,0.964,0,6.06,27.1,2.6,14494.0
HOSP101172,AZ,857,25.78,12.44,1.6,1,5.27,26.0,3.03,11787.0
HOSP101173,OR,1954,15.84,19.74,0.802,0,7.17,31.4,1.25,11692.0
HOSP101174,AL,3863,17.15,11.15,1.538,1,4.1,24.1,2.49,11824.0
HOSP101175,MD,2714,14.56,17.26,0.844,0,5.2,30.1,3.84,15520.0
HOSP101176,OH,2625,16.01,19.13,0.837,0,3.67,28.4,3.38,14499.0
HOSP101177,FL,3760,7.89,15.22,0.7,0,4.55,24.6,3.14,14668.0
HOSP101178,MA,4405,17.4,15.12,1.151,1,4.96,34.9,3.36,13461.0
HOSP101179,SC,2973,20.03,17.17,1.167,1,4.79,32.5,2.28,16256.0
HOSP101180,AZ,1885,17.19,20.13,0.854,0,5.26,25.5,2.16,17860.0
HOSP101181,NJ,1735,12.06,14.8,0.815,0,6.27,27.9,3.94,16342.0
HOSP101182,MA,216,13.59,13.55,1.003,1,6.15,26.1,3.55,13831.0
HOSP101183,OK,3211,8.71,14.44,0.7,0,4.35,23.5,2.13,10593.0
HOSP101184,WA,2578,18.94,11.62,1.6,1,5.17,16.1,1.11,8173.0
HOSP101185,MO,4303,12.98,17.74,0.732,0,6.07,24.6,2.15,14292.0
HOSP101186,KY,491,15.91,14.21,1.12,1,6.34,23.6,3.29,8122.0
HOSP101187,IL,2924,15.54,14.98,1.037,1,4.47,28.8,2.21,13862.0
HOSP101188,FL,2967,20.46,17.77,1.151,1,5.98,31.1,3.1,18988.0
HOSP101189,MD,2811,16.26,14.56,1.117,1,5.56,22.4,4.08,10809.0
HOSP101190,MA,1382,18.43,17.4,1.059,1,4.03,30.6,2.72,10384.0
HOSP101191,LA,4024,17.64,12.9,1.367,1,6.08,21.3,3.01,16538.0
HOSP101192,SC,2551,20.08,17.9,1.122,1,5.37,27.1,3.42,6000.0
HOSP101193,PA,1644,15.28,16.35,0.935,0,3.28,23.8,1.83,15722.0
HOSP101194,OK,4361,21.61,15.28,1.414,1,4.88,33.2,2.1,19199.0
HOSP101195,MI,811,10.04,15.83,0.7,0,5.24,28.8,3.45,11708.0
HOSP101196,OH,4033,18.57,12.28,1.512,1,4.53,27.2,2.83,11158.0
HOSP101197,LA,3769,13.4,15.77,0.85,0,6.55,23.6,2.91,16388.0
HOSP101198,IN,2018,14.52,15.15,0.958,0,6.59,25.7,2.83,10754.0
HOSP101199,OH,2484,17.71,12.35,1.434,1,4.78,40.8,3.68,17095.0
